date_ist,slot_ist,timestamp_utc,nasdaq_change_pct,dow_change_pct,sgx_change_pct,nifty_open,nifty_last,nifty_high,nifty_low,nifty_change_pct,india_vix,vix_condition,advances,declines,unchanged,breadth_sentiment,global_cue_source,global_cue_change_pct,global_cue_is_fallback,score,n_signals,verdict,backfilled
2025-08-22,09:00,2025-08-22T03:30:00,,,,,25083.75,,,,11.37,STABLE,,,,,SGX / Straits Times Index,,False,,0,NO_DATA,True
2025-08-22,16:00,2025-08-22T10:30:00,,,,25064.15,24870.1,25084.85,24859.15,-0.8517,11.73,STABLE,,,,,SGX / Straits Times Index,,False,,0,NO_DATA,True
2025-08-25,09:00,2025-08-25T03:30:00,1.8778,1.8895,0.5228,,24870.1,,,,11.73,STABLE,,,,,SGX / Straits Times Index,0.5228,False,3,3,GREEN,True
2025-08-25,16:00,2025-08-25T10:30:00,1.8778,1.8895,0.5228,24949.15,24967.75,25021.55,24894.35,0.3926,11.76,STABLE,,,,,SGX / Straits Times Index,0.5228,False,3,3,GREEN,True
2025-08-26,09:00,2025-08-26T03:30:00,-0.2198,-0.7654,0.0816,,24967.75,,,,11.76,STABLE,,,,,SGX / Straits Times Index,0.0816,False,-1,3,RED,True
2025-08-26,16:00,2025-08-26T10:30:00,-0.2198,-0.7654,0.0816,24899.5,24712.05,24919.65,24689.6,-1.0241,12.19,STABLE,,,,,SGX / Straits Times Index,0.0816,False,-1,3,RED,True
2025-08-28,09:00,2025-08-28T03:30:00,0.2129,0.324,0.0438,,24712.05,,,,12.19,STABLE,,,,,SGX / Straits Times Index,0.0438,False,3,3,GREEN,True
2025-08-28,16:00,2025-08-28T10:30:00,0.2129,0.324,0.0438,24695.8,24500.9,24702.65,24481.6,-0.8544,12.18,STABLE,,,,,SGX / Straits Times Index,0.0438,False,3,3,GREEN,True
2025-08-29,09:00,2025-08-29T03:30:00,0.5327,0.1573,0.1934,,24500.9,,,,12.18,STABLE,,,,,SGX / Straits Times Index,0.1934,False,3,3,GREEN,True
2025-08-29,16:00,2025-08-29T10:30:00,0.5327,0.1573,0.1934,24466.7,24426.85,24572.45,24404.7,-0.3022,11.75,STABLE,,,,,SGX / Straits Times Index,0.1934,False,3,3,GREEN,True
2025-09-01,09:00,2025-09-01T03:30:00,-1.15,-0.2016,0.3743,,24426.85,,,,11.75,STABLE,,,,,SGX / Straits Times Index,0.3743,False,-1,3,RED,True
2025-09-01,16:00,2025-09-01T10:30:00,-1.15,-0.2016,0.3743,24432.7,24625.05,24635.6,24432.7,0.8114,11.29,STABLE,,,,,SGX / Straits Times Index,0.3743,False,-1,3,RED,True
2025-09-02,09:00,2025-09-02T03:30:00,-1.15,-0.2016,0.1492,,24625.05,,,,11.29,STABLE,,,,,SGX / Straits Times Index,0.1492,False,-1,3,RED,True
2025-09-02,16:00,2025-09-02T10:30:00,-1.15,-0.2016,0.1492,24653.0,24579.6,24756.1,24522.35,-0.1846,11.4,STABLE,,,,,SGX / Straits Times Index,0.1492,False,-1,3,RED,True
2025-09-03,09:00,2025-09-03T03:30:00,-0.8199,-0.5469,0.5248,,24579.6,,,,11.4,STABLE,,,,,SGX / Straits Times Index,0.5248,False,-1,3,RED,True
2025-09-03,16:00,2025-09-03T10:30:00,-0.8199,-0.5469,0.5248,24616.5,24715.05,24737.05,24533.2,0.5511,10.93,STABLE,,,,,SGX / Straits Times Index,0.5248,False,-1,3,RED,True
2025-09-04,09:00,2025-09-04T03:30:00,1.0249,-0.0543,-0.2136,,24715.05,,,,10.93,STABLE,,,,,SGX / Straits Times Index,-0.2136,False,-1,3,RED,True
2025-09-04,16:00,2025-09-04T10:30:00,1.0249,-0.0543,-0.2136,24980.75,24734.3,24980.75,24708.2,0.0779,10.85,STABLE,,,,,SGX / Straits Times Index,-0.2136,False,-1,3,RED,True
2025-09-05,09:00,2025-09-05T03:30:00,0.9767,0.7732,0.1749,,24734.3,,,,10.85,STABLE,,,,,SGX / Straits Times Index,0.1749,False,3,3,GREEN,True
2025-09-05,16:00,2025-09-05T10:30:00,0.9767,0.7732,0.1749,24818.85,24741.0,24832.35,24621.6,0.0271,10.78,STABLE,,,,,SGX / Straits Times Index,0.1749,False,3,3,GREEN,True
2025-09-08,09:00,2025-09-08T03:30:00,-0.0336,-0.4832,0.2385,,24741.0,,,,10.78,STABLE,,,,,SGX / Straits Times Index,0.2385,False,-1,3,RED,True
2025-09-08,16:00,2025-09-08T10:30:00,-0.0336,-0.4832,0.2385,24802.6,24773.15,24885.5,24751.55,0.1299,10.84,STABLE,,,,,SGX / Straits Times Index,0.2385,False,-1,3,RED,True
2025-09-09,09:00,2025-09-09T03:30:00,0.453,0.2513,0.0334,,24773.15,,,,10.84,STABLE,,,,,SGX / Straits Times Index,0.0334,False,3,3,GREEN,True
2025-09-09,16:00,2025-09-09T10:30:00,0.453,0.2513,0.0334,24864.1,24868.6,24891.8,24814.0,0.3853,10.69,STABLE,,,,,SGX / Straits Times Index,0.0334,False,3,3,GREEN,True
2025-09-10,09:00,2025-09-10T03:30:00,0.3706,0.4315,-0.2542,,24868.6,,,,10.69,STABLE,,,,,SGX / Straits Times Index,-0.2542,False,1,3,GREEN,True
2025-09-10,16:00,2025-09-10T10:30:00,0.3706,0.4315,-0.2542,24991.0,24973.1,25035.7,24915.05,0.4202,10.54,STABLE,,,,,SGX / Straits Times Index,-0.2542,False,1,3,GREEN,True
2025-09-11,09:00,2025-09-11T03:30:00,0.03,-0.4822,1.1376,,24973.1,,,,10.54,STABLE,,,,,SGX / Straits Times Index,1.1376,False,1,3,GREEN,True
2025-09-11,16:00,2025-09-11T10:30:00,0.03,-0.4822,1.1376,24945.5,25005.5,25037.3,24940.15,0.1297,10.36,STABLE,,,,,SGX / Straits Times Index,1.1376,False,1,3,GREEN,True
2025-09-12,09:00,2025-09-12T03:30:00,0.7174,1.3565,0.2153,,25005.5,,,,10.36,STABLE,,,,,SGX / Straits Times Index,0.2153,False,3,3,GREEN,True
2025-09-12,16:00,2025-09-12T10:30:00,0.7174,1.3565,0.2153,25074.45,25114.0,25139.45,25038.05,0.4339,10.12,STABLE,,,,,SGX / Straits Times Index,0.2153,False,3,3,GREEN,True
2025-09-15,09:00,2025-09-15T03:30:00,0.4447,-0.5938,-0.2658,,25114.0,,,,10.12,STABLE,,,,,SGX / Straits Times Index,-0.2658,False,-1,3,RED,True
2025-09-15,16:00,2025-09-15T10:30:00,0.4447,-0.5938,-0.2658,25118.9,25069.2,25138.45,25048.75,-0.1784,10.4,STABLE,,,,,SGX / Straits Times Index,-0.2658,False,-1,3,RED,True
2025-09-16,09:00,2025-09-16T03:30:00,0.9379,0.1074,-0.134,,25069.2,,,,10.4,STABLE,,,,,SGX / Straits Times Index,-0.134,False,1,3,GREEN,True
2025-09-16,16:00,2025-09-16T10:30:00,0.9379,0.1074,-0.134,25073.6,25239.1,25261.4,25070.45,0.6777,10.27,STABLE,,,,,SGX / Straits Times Index,-0.134,False,1,3,GREEN,True
2025-09-17,09:00,2025-09-17T03:30:00,-0.0662,-0.2736,-0.0157,,25239.1,,,,10.27,STABLE,,,,,SGX / Straits Times Index,-0.0157,False,-3,3,RED,True
2025-09-17,16:00,2025-09-17T10:30:00,-0.0662,-0.2736,-0.0157,25276.6,25330.25,25346.5,25275.35,0.3611,10.25,STABLE,,,,,SGX / Straits Times Index,-0.0157,False,-3,3,RED,True
2025-09-18,09:00,2025-09-18T03:30:00,-0.3252,0.5691,-0.3218,,25330.25,,,,10.25,STABLE,,,,,SGX / Straits Times Index,-0.3218,False,-1,3,RED,True
2025-09-18,16:00,2025-09-18T10:30:00,-0.3252,0.5691,-0.3218,25441.05,25423.6,25448.95,25329.75,0.3685,9.89,STABLE,,,,,SGX / Straits Times Index,-0.3218,False,-1,3,RED,True
2025-09-19,09:00,2025-09-19T03:30:00,0.9406,0.2697,-0.2581,,25423.6,,,,9.89,STABLE,,,,,SGX / Straits Times Index,-0.2581,False,1,3,GREEN,True
2025-09-19,16:00,2025-09-19T10:30:00,0.9406,0.2697,-0.2581,25410.2,25327.05,25428.75,25286.3,-0.3798,9.97,STABLE,,,,,SGX / Straits Times Index,-0.2581,False,1,3,GREEN,True
2025-09-22,09:00,2025-09-22T03:30:00,0.7154,0.3746,-0.2298,,25327.05,,,,9.97,STABLE,,,,,SGX / Straits Times Index,-0.2298,False,1,3,GREEN,True
2025-09-22,16:00,2025-09-22T10:30:00,0.7154,0.3746,-0.2298,25238.1,25202.35,25331.7,25151.05,-0.4924,10.56,STABLE,,,,,SGX / Straits Times Index,-0.2298,False,1,3,GREEN,True
2025-09-23,09:00,2025-09-23T03:30:00,0.6959,0.1431,-0.1241,,25202.35,,,,10.56,STABLE,,,,,SGX / Straits Times Index,-0.1241,False,1,3,GREEN,True
2025-09-23,16:00,2025-09-23T10:30:00,0.6959,0.1431,-0.1241,25209.0,25169.5,25261.9,25084.65,-0.1303,10.63,STABLE,,,,,SGX / Straits Times Index,-0.1241,False,1,3,GREEN,True
2025-09-24,09:00,2025-09-24T03:30:00,-0.9457,-0.1914,0.1233,,25169.5,,,,10.63,STABLE,,,,,SGX / Straits Times Index,0.1233,False,-1,3,RED,True
2025-09-24,16:00,2025-09-24T10:30:00,-0.9457,-0.1914,0.1233,25108.75,25056.9,25149.85,25027.45,-0.4474,10.52,STABLE,,,,,SGX / Straits Times Index,0.1233,False,-1,3,RED,True
2025-09-25,09:00,2025-09-25T03:30:00,-0.335,-0.3705,-0.2852,,25056.9,,,,10.52,STABLE,,,,,SGX / Straits Times Index,-0.2852,False,-3,3,RED,True
2025-09-25,16:00,2025-09-25T10:30:00,-0.335,-0.3705,-0.2852,25034.5,24890.85,25092.7,24878.3,-0.6627,10.78,STABLE,,,,,SGX / Straits Times Index,-0.2852,False,-3,3,RED,True
2025-09-26,09:00,2025-09-26T03:30:00,-0.503,-0.3772,-0.3855,,24890.85,,,,10.78,STABLE,,,,,SGX / Straits Times Index,-0.3855,False,-3,3,RED,True
2025-09-26,16:00,2025-09-26T10:30:00,-0.503,-0.3772,-0.3855,24818.55,24654.7,24868.6,24629.45,-0.9487,11.43,STABLE,,,,,SGX / Straits Times Index,-0.3855,False,-3,3,RED,True
2025-09-29,09:00,2025-09-29T03:30:00,0.4439,0.6529,-0.1844,,24654.7,,,,11.43,STABLE,,,,,SGX / Straits Times Index,-0.1844,False,1,3,GREEN,True
2025-09-29,16:00,2025-09-29T10:30:00,0.4439,0.6529,-0.1844,24728.55,24634.9,24791.3,24606.2,-0.0803,11.37,STABLE,,,,,SGX / Straits Times Index,-0.1844,False,1,3,GREEN,True
2025-09-30,09:00,2025-09-30T03:30:00,0.4762,0.1487,0.0938,,24634.9,,,,11.37,STABLE,,,,,SGX / Straits Times Index,0.0938,False,3,3,GREEN,True
2025-09-30,16:00,2025-09-30T10:30:00,0.4762,0.1487,0.0938,24691.95,24611.1,24731.8,24587.7,-0.0966,11.07,STABLE,,,,,SGX / Straits Times Index,0.0938,False,3,3,GREEN,True
2025-10-01,09:00,2025-10-01T03:30:00,0.3048,0.1767,0.7068,,24611.1,,,,11.07,STABLE,,,,,SGX / Straits Times Index,0.7068,False,3,3,GREEN,True
2025-10-01,16:00,2025-10-01T10:30:00,0.3048,0.1767,0.7068,24620.55,24836.3,24867.95,24605.95,0.915,10.29,STABLE,,,,,SGX / Straits Times Index,0.7068,False,3,3,GREEN,True
2025-10-03,09:00,2025-10-03T03:30:00,0.3906,0.1693,1.6675,,24836.3,,,,10.29,STABLE,,,,,SGX / Straits Times Index,1.6675,False,3,3,GREEN,True
2025-10-03,16:00,2025-10-03T10:30:00,0.3906,0.1693,1.6675,24759.55,24894.25,24904.8,24747.55,0.2333,10.06,STABLE,,,,,SGX / Straits Times Index,1.6675,False,3,3,GREEN,True
2025-10-06,09:00,2025-10-06T03:30:00,-0.2782,0.5128,0.3809,,24894.25,,,,10.06,STABLE,,,,,SGX / Straits Times Index,0.3809,False,1,3,GREEN,True
2025-10-06,16:00,2025-10-06T10:30:00,-0.2782,0.5128,0.3809,24916.55,25077.65,25095.95,24881.65,0.7367,10.19,STABLE,,,,,SGX / Straits Times Index,0.3809,False,1,3,GREEN,True
2025-10-07,09:00,2025-10-07T03:30:00,0.7074,-0.1354,0.2212,,25077.65,,,,10.19,STABLE,,,,,SGX / Straits Times Index,0.2212,False,1,3,GREEN,True
2025-10-07,16:00,2025-10-07T10:30:00,0.7074,-0.1354,0.2212,25085.3,25108.3,25220.9,25076.3,0.1222,10.05,STABLE,,,,,SGX / Straits Times Index,0.2212,False,1,3,GREEN,True
2025-10-08,09:00,2025-10-08T03:30:00,-0.6683,-0.197,1.1432,,25108.3,,,,10.05,STABLE,,,,,SGX / Straits Times Index,1.1432,False,-1,3,RED,True
2025-10-08,16:00,2025-10-08T10:30:00,-0.6683,-0.197,1.1432,25079.75,25046.15,25192.5,25008.5,-0.2475,10.31,STABLE,,,,,SGX / Straits Times Index,1.1432,False,-1,3,RED,True
2025-10-09,09:00,2025-10-09T03:30:00,1.1191,-0.0026,-0.3569,,25046.15,,,,10.31,STABLE,,,,,SGX / Straits Times Index,-0.3569,False,-1,3,RED,True
2025-10-09,16:00,2025-10-09T10:30:00,1.1191,-0.0026,-0.3569,25074.3,25181.8,25199.25,25024.3,0.5416,10.12,STABLE,,,,,SGX / Straits Times Index,-0.3569,False,-1,3,RED,True
2025-10-10,09:00,2025-10-10T03:30:00,-0.0814,-0.5222,-0.3545,,25181.8,,,,10.12,STABLE,,,,,SGX / Straits Times Index,-0.3545,False,-3,3,RED,True
2025-10-10,16:00,2025-10-10T10:30:00,-0.0814,-0.5222,-0.3545,25167.65,25285.35,25330.75,25156.85,0.4112,10.1,STABLE,,,,,SGX / Straits Times Index,-0.3545,False,-3,3,RED,True
2025-10-13,09:00,2025-10-13T03:30:00,-3.5623,-1.8957,-0.3027,,25285.35,,,,10.1,STABLE,,,,,SGX / Straits Times Index,-0.3027,False,-3,3,RED,True
2025-10-13,16:00,2025-10-13T10:30:00,-3.5623,-1.8957,-0.3027,25177.3,25227.35,25267.3,25152.3,-0.2294,11.01,STABLE,,,,,SGX / Straits Times Index,-0.3027,False,-3,3,RED,True
2025-10-14,09:00,2025-10-14T03:30:00,2.2076,1.2928,-0.8407,,25227.35,,,,11.01,STABLE,,,,,SGX / Straits Times Index,-0.8407,False,1,3,GREEN,True
2025-10-14,16:00,2025-10-14T10:30:00,2.2076,1.2928,-0.8407,25277.55,25145.5,25310.35,25060.55,-0.3244,11.16,STABLE,,,,,SGX / Straits Times Index,-0.8407,False,1,3,GREEN,True
2025-10-15,09:00,2025-10-15T03:30:00,-0.7619,0.4404,-0.8046,,25145.5,,,,11.16,STABLE,,,,,SGX / Straits Times Index,-0.8046,False,-1,3,RED,True
2025-10-15,16:00,2025-10-15T10:30:00,-0.7619,0.4404,-0.8046,25181.95,25323.55,25365.15,25159.35,0.7081,10.53,STABLE,,,,,SGX / Straits Times Index,-0.8046,False,-1,3,RED,True
2025-10-16,09:00,2025-10-16T03:30:00,0.6588,-0.0371,0.3192,,25323.55,,,,10.53,STABLE,,,,,SGX / Straits Times Index,0.3192,False,1,3,GREEN,True
2025-10-16,16:00,2025-10-16T10:30:00,0.6588,-0.0371,0.3192,25394.9,25585.3,25625.4,25376.85,1.0336,10.87,STABLE,,,,,SGX / Straits Times Index,0.3192,False,1,3,GREEN,True
2025-10-17,09:00,2025-10-17T03:30:00,-0.4744,-0.6509,-0.2797,,25585.3,,,,10.87,STABLE,,,,,SGX / Straits Times Index,-0.2797,False,-3,3,RED,True
2025-10-17,16:00,2025-10-17T10:30:00,-0.4744,-0.6509,-0.2797,25546.85,25709.85,25781.5,25508.6,0.4868,11.63,STABLE,,,,,SGX / Straits Times Index,-0.2797,False,-3,3,RED,True
2025-10-20,09:00,2025-10-20T03:30:00,0.5205,0.5187,-0.626,,25709.85,,,,11.63,STABLE,,,,,SGX / Straits Times Index,-0.626,False,1,3,GREEN,True
2025-10-20,16:00,2025-10-20T10:30:00,0.5205,0.5187,-0.626,25824.6,25843.15,25926.2,25788.5,0.5185,11.36,STABLE,,,,,SGX / Straits Times Index,-0.626,False,1,3,GREEN,True
2025-10-21,09:00,2025-10-21T03:30:00,1.3694,1.117,-0.626,,25843.15,,,,11.36,STABLE,,,,,SGX / Straits Times Index,-0.626,False,1,3,GREEN,True
2025-10-21,16:00,2025-10-21T10:30:00,1.3694,1.117,-0.626,25901.2,25868.6,25934.35,25825.8,0.0985,11.3,STABLE,,,,,SGX / Straits Times Index,-0.626,False,1,3,GREEN,True
2025-10-23,09:00,2025-10-23T03:30:00,-0.9291,-0.7125,0.2938,,25868.6,,,,11.3,STABLE,,,,,SGX / Straits Times Index,0.2938,False,-1,3,RED,True
2025-10-23,16:00,2025-10-23T10:30:00,-0.9291,-0.7125,0.2938,26057.2,25891.4,26104.2,25862.45,0.0881,11.73,STABLE,,,,,SGX / Straits Times Index,0.2938,False,-1,3,RED,True
2025-10-24,09:00,2025-10-24T03:30:00,0.8857,0.3095,0.5087,,25891.4,,,,11.73,STABLE,,,,,SGX / Straits Times Index,0.5087,False,3,3,GREEN,True
2025-10-24,16:00,2025-10-24T10:30:00,0.8857,0.3095,0.5087,25935.1,25795.15,25944.15,25718.2,-0.3717,11.59,STABLE,,,,,SGX / Straits Times Index,0.5087,False,3,3,GREEN,True
2025-10-27,09:00,2025-10-27T03:30:00,1.1467,1.0111,0.1345,,25795.15,,,,11.59,STABLE,,,,,SGX / Straits Times Index,0.1345,False,3,3,GREEN,True
2025-10-27,16:00,2025-10-27T10:30:00,1.1467,1.0111,0.1345,25843.2,25966.05,26005.95,25827.0,0.6625,11.86,STABLE,,,,,SGX / Straits Times Index,0.1345,False,3,3,GREEN,True
2025-10-28,09:00,2025-10-28T03:30:00,1.8642,0.7149,0.4091,,25966.05,,,,11.86,STABLE,,,,,SGX / Straits Times Index,0.4091,False,3,3,GREEN,True
2025-10-28,16:00,2025-10-28T10:30:00,1.8642,0.7149,0.4091,25939.95,25936.2,26041.7,25810.05,-0.115,11.95,STABLE,,,,,SGX / Straits Times Index,0.4091,False,3,3,GREEN,True
2025-10-29,09:00,2025-10-29T03:30:00,0.8039,0.3403,0.2266,,25936.2,,,,11.95,STABLE,,,,,SGX / Straits Times Index,0.2266,False,3,3,GREEN,True
2025-10-29,16:00,2025-10-29T10:30:00,0.8039,0.3403,0.2266,25982.0,26053.9,26097.85,25960.3,0.4538,11.97,STABLE,,,,,SGX / Straits Times Index,0.2266,False,3,3,GREEN,True
2025-10-30,09:00,2025-10-30T03:30:00,0.5497,-0.1559,-0.2281,,26053.9,,,,11.97,STABLE,,,,,SGX / Straits Times Index,-0.2281,False,-1,3,RED,True
2025-10-30,16:00,2025-10-30T10:30:00,0.5497,-0.1559,-0.2281,25984.4,25877.85,26032.05,25845.25,-0.6757,12.07,STABLE,,,,,SGX / Straits Times Index,-0.2281,False,-1,3,RED,True
2025-10-31,09:00,2025-10-31T03:30:00,-1.5749,-0.2307,-0.0624,,25877.85,,,,12.07,STABLE,,,,,SGX / Straits Times Index,-0.0624,False,-3,3,RED,True
2025-10-31,16:00,2025-10-31T10:30:00,-1.5749,-0.2307,-0.0624,25863.8,25722.1,25953.75,25711.2,-0.6019,12.15,STABLE,,,,,SGX / Straits Times Index,-0.0624,False,-3,3,RED,True
2025-11-03,09:00,2025-11-03T03:30:00,0.6099,0.0857,-0.1988,,25722.1,,,,12.15,STABLE,,,,,SGX / Straits Times Index,-0.1988,False,1,3,GREEN,True
2025-11-03,16:00,2025-11-03T10:30:00,0.6099,0.0857,-0.1988,25696.85,25763.35,25803.1,25645.5,0.1604,12.67,STABLE,,,,,SGX / Straits Times Index,-0.1988,False,1,3,GREEN,True
2025-11-04,09:00,2025-11-04T03:30:00,0.4626,-0.4756,0.3547,,25763.35,,,,12.67,STABLE,,,,,SGX / Straits Times Index,0.3547,False,1,3,GREEN,True
2025-11-04,16:00,2025-11-04T10:30:00,0.4626,-0.4756,0.3547,25744.75,25597.65,25787.4,25578.4,-0.6432,12.65,STABLE,,,,,SGX / Straits Times Index,0.3547,False,1,3,GREEN,True
2025-11-06,09:00,2025-11-06T03:30:00,0.6474,0.4795,-0.1266,,25597.65,,,,12.65,STABLE,,,,,SGX / Straits Times Index,-0.1266,False,1,3,GREEN,True
2025-11-06,16:00,2025-11-06T10:30:00,0.6474,0.4795,-0.1266,25593.35,25509.7,25679.15,25491.55,-0.3436,12.41,STABLE,,,,,SGX / Straits Times Index,-0.1266,False,1,3,GREEN,True
2025-11-07,09:00,2025-11-07T03:30:00,-1.8971,-0.8427,1.5365,,25509.7,,,,12.41,STABLE,,,,,SGX / Straits Times Index,1.5365,False,-1,3,RED,True
2025-11-07,16:00,2025-11-07T10:30:00,-1.8971,-0.8427,1.5365,25433.8,25492.3,25551.25,25318.45,-0.0682,12.56,STABLE,,,,,SGX / Straits Times Index,1.5365,False,-1,3,RED,True
2025-11-10,09:00,2025-11-10T03:30:00,-0.2145,0.1594,0.1617,,25492.3,,,,12.56,STABLE,,,,,SGX / Straits Times Index,0.1617,False,1,3,GREEN,True
2025-11-10,16:00,2025-11-10T10:30:00,-0.2145,0.1594,0.1617,25503.5,25574.35,25653.45,25503.5,0.3219,12.3,STABLE,,,,,SGX / Straits Times Index,0.1617,False,1,3,GREEN,True
2025-11-11,09:00,2025-11-11T03:30:00,2.2719,0.812,-0.0915,,25574.35,,,,12.3,STABLE,,,,,SGX / Straits Times Index,-0.0915,False,1,3,GREEN,True
2025-11-11,16:00,2025-11-11T10:30:00,2.2719,0.812,-0.0915,25617.0,25694.95,25715.8,25449.25,0.4716,12.49,STABLE,,,,,SGX / Straits Times Index,-0.0915,False,1,3,GREEN,True
2025-11-12,09:00,2025-11-12T03:30:00,-0.2502,1.1808,1.2047,,25694.95,,,,12.49,STABLE,,,,,SGX / Straits Times Index,1.2047,False,1,3,GREEN,True
2025-11-12,16:00,2025-11-12T10:30:00,-0.2502,1.1808,1.2047,25834.3,25875.8,25934.55,25781.15,0.7038,12.11,STABLE,,,,,SGX / Straits Times Index,1.2047,False,1,3,GREEN,True
2025-11-13,09:00,2025-11-13T03:30:00,-0.2635,0.682,0.588,,25875.8,,,,12.11,STABLE,,,,,SGX / Straits Times Index,0.588,False,1,3,GREEN,True
2025-11-13,16:00,2025-11-13T10:30:00,-0.2635,0.682,0.588,25906.1,25879.15,26010.7,25808.4,0.0129,12.16,STABLE,,,,,SGX / Straits Times Index,0.588,False,1,3,GREEN,True
2025-11-14,09:00,2025-11-14T03:30:00,-2.2904,-1.6529,0.1532,,25879.15,,,,12.16,STABLE,,,,,SGX / Straits Times Index,0.1532,False,-1,3,RED,True
2025-11-14,16:00,2025-11-14T10:30:00,-2.2904,-1.6529,0.1532,25767.9,25910.05,25940.2,25740.8,0.1194,11.94,STABLE,,,,,SGX / Straits Times Index,0.1532,False,-1,3,RED,True
2025-11-17,09:00,2025-11-17T03:30:00,0.1322,-0.6527,-0.6521,,25910.05,,,,11.94,STABLE,,,,,SGX / Straits Times Index,-0.6521,False,-1,3,RED,True
2025-11-17,16:00,2025-11-17T10:30:00,0.1322,-0.6527,-0.6521,25948.2,26013.45,26024.2,25906.35,0.3991,11.79,STABLE,,,,,SGX / Straits Times Index,-0.6521,False,-1,3,RED,True
2025-11-18,09:00,2025-11-18T03:30:00,-0.8407,-1.1819,-0.0546,,26013.45,,,,11.79,STABLE,,,,,SGX / Straits Times Index,-0.0546,False,-3,3,RED,True
2025-11-18,16:00,2025-11-18T10:30:00,-0.8407,-1.1819,-0.0546,26021.8,25910.05,26029.85,25876.5,-0.3975,12.1,STABLE,,,,,SGX / Straits Times Index,-0.0546,False,-3,3,RED,True
2025-11-19,09:00,2025-11-19T03:30:00,-1.212,-1.07,-0.8566,,25910.05,,,,12.1,STABLE,,,,,SGX / Straits Times Index,-0.8566,False,-3,3,RED,True
2025-11-19,16:00,2025-11-19T10:30:00,-1.212,-1.07,-0.8566,25918.1,26052.65,26074.65,25856.2,0.5504,11.97,STABLE,,,,,SGX / Straits Times Index,-0.8566,False,-3,3,RED,True
2025-11-20,09:00,2025-11-20T03:30:00,0.5857,0.102,0.0122,,26052.65,,,,11.97,STABLE,,,,,SGX / Straits Times Index,0.0122,False,3,3,GREEN,True
2025-11-20,16:00,2025-11-20T10:30:00,0.5857,0.102,0.0122,26132.1,26192.15,26246.65,26063.2,0.5355,12.14,STABLE,,,,,SGX / Straits Times Index,0.0122,False,3,3,GREEN,True
2025-11-21,09:00,2025-11-21T03:30:00,-2.1546,-0.8377,0.1476,,26192.15,,,,12.14,STABLE,,,,,SGX / Straits Times Index,0.1476,False,-1,3,RED,True
2025-11-21,16:00,2025-11-21T10:30:00,-2.1546,-0.8377,0.1476,26109.55,26068.15,26179.2,26052.2,-0.4734,13.63,STABLE,,,,,SGX / Straits Times Index,0.1476,False,-1,3,RED,True
2025-11-24,09:00,2025-11-24T03:30:00,0.8834,1.0779,-0.9471,,26068.15,,,,13.63,STABLE,,,,,SGX / Straits Times Index,-0.9471,False,1,3,GREEN,True
2025-11-24,16:00,2025-11-24T10:30:00,0.8834,1.0779,-0.9471,26122.8,25959.5,26142.8,25912.15,-0.4168,13.24,STABLE,,,,,SGX / Straits Times Index,-0.9471,False,1,3,GREEN,True
2025-11-25,09:00,2025-11-25T03:30:00,2.689,0.4387,0.6151,,25959.5,,,,13.24,STABLE,,,,,SGX / Straits Times Index,0.6151,False,3,3,GREEN,True
2025-11-25,16:00,2025-11-25T10:30:00,2.689,0.4387,0.6151,25998.5,25884.8,26032.6,25857.5,-0.2878,12.24,STABLE,,,,,SGX / Straits Times Index,0.6151,False,3,3,GREEN,True
2025-11-26,09:00,2025-11-26T03:30:00,0.6715,1.4299,-0.2446,,25884.8,,,,12.24,STABLE,,,,,SGX / Straits Times Index,-0.2446,False,1,3,GREEN,True
2025-11-26,16:00,2025-11-26T10:30:00,0.6715,1.4299,-0.2446,25842.95,26205.3,26215.15,25842.95,1.2382,11.97,STABLE,,,,,SGX / Straits Times Index,-0.2446,False,1,3,GREEN,True
2025-11-27,09:00,2025-11-27T03:30:00,0.8213,0.6679,0.3551,,26205.3,,,,11.97,STABLE,,,,,SGX / Straits Times Index,0.3551,False,3,3,GREEN,True
2025-11-27,16:00,2025-11-27T10:30:00,0.8213,0.6679,0.3551,26261.25,26215.55,26310.45,26141.9,0.0391,11.79,STABLE,,,,,SGX / Straits Times Index,0.3551,False,3,3,GREEN,True
2025-11-28,09:00,2025-11-28T03:30:00,0.8213,0.6679,0.1728,,26215.55,,,,11.79,STABLE,,,,,SGX / Straits Times Index,0.1728,False,3,3,GREEN,True
2025-11-28,16:00,2025-11-28T10:30:00,0.8213,0.6679,0.1728,26237.45,26202.95,26280.75,26172.4,-0.0481,11.62,STABLE,,,,,SGX / Straits Times Index,0.1728,False,3,3,GREEN,True
2025-12-01,09:00,2025-12-01T03:30:00,0.6505,0.61,0.3242,,26202.95,,,,11.62,STABLE,,,,,SGX / Straits Times Index,0.3242,False,3,3,GREEN,True
2025-12-01,16:00,2025-12-01T10:30:00,0.6505,0.61,0.3242,26325.8,26175.75,26325.8,26124.2,-0.1038,11.63,STABLE,,,,,SGX / Straits Times Index,0.3242,False,3,3,GREEN,True
2025-12-02,09:00,2025-12-02T03:30:00,-0.3842,-0.8951,0.05,,26175.75,,,,11.63,STABLE,,,,,SGX / Straits Times Index,0.05,False,-1,3,RED,True
2025-12-02,16:00,2025-12-02T10:30:00,-0.3842,-0.8951,0.05,26087.95,26032.2,26154.6,25997.85,-0.5484,11.23,STABLE,,,,,SGX / Straits Times Index,0.05,False,-1,3,RED,True
2025-12-03,09:00,2025-12-03T03:30:00,0.5918,0.3915,0.2594,,26032.2,,,,11.23,STABLE,,,,,SGX / Straits Times Index,0.2594,False,3,3,GREEN,True
2025-12-03,16:00,2025-12-03T10:30:00,0.5918,0.3915,0.2594,26004.9,25986.0,26066.45,25891.0,-0.1775,11.21,STABLE,,,,,SGX / Straits Times Index,0.2594,False,3,3,GREEN,True
2025-12-04,09:00,2025-12-04T03:30:00,0.1726,0.8603,0.3649,,25986.0,,,,11.21,STABLE,,,,,SGX / Straits Times Index,0.3649,False,3,3,GREEN,True
2025-12-04,16:00,2025-12-04T10:30:00,0.1726,0.8603,0.3649,25981.85,26033.75,26098.25,25938.95,0.1838,10.82,STABLE,,,,,SGX / Straits Times Index,0.3649,False,3,3,GREEN,True
2025-12-05,09:00,2025-12-05T03:30:00,0.2177,-0.0667,-0.4255,,26033.75,,,,10.82,STABLE,,,,,SGX / Straits Times Index,-0.4255,False,-1,3,RED,True
2025-12-05,16:00,2025-12-05T10:30:00,0.2177,-0.0667,-0.4255,25999.8,26186.45,26202.6,25985.35,0.5865,10.32,STABLE,,,,,SGX / Straits Times Index,-0.4255,False,-1,3,RED,True
2025-12-08,09:00,2025-12-08T03:30:00,0.3105,0.2174,-0.0834,,26186.45,,,,10.32,STABLE,,,,,SGX / Straits Times Index,-0.0834,False,1,3,GREEN,True
2025-12-08,16:00,2025-12-08T10:30:00,0.3105,0.2174,-0.0834,26159.8,25960.55,26178.7,25892.25,-0.8627,11.13,STABLE,,,,,SGX / Straits Times Index,-0.0834,False,1,3,GREEN,True
2025-12-09,09:00,2025-12-09T03:30:00,-0.1367,-0.4497,-0.5358,,25960.55,,,,11.13,STABLE,,,,,SGX / Straits Times Index,-0.5358,False,-3,3,RED,True
2025-12-09,16:00,2025-12-09T10:30:00,-0.1367,-0.4497,-0.5358,25867.1,25839.65,25923.65,25728.0,-0.4657,10.95,STABLE,,,,,SGX / Straits Times Index,-0.5358,False,-3,3,RED,True
2025-12-10,09:00,2025-12-10T03:30:00,0.1299,-0.375,0.1367,,25839.65,,,,10.95,STABLE,,,,,SGX / Straits Times Index,0.1367,False,1,3,GREEN,True
2025-12-10,16:00,2025-12-10T10:30:00,0.1299,-0.375,0.1367,25864.05,25758.0,25947.65,25734.55,-0.316,10.91,STABLE,,,,,SGX / Straits Times Index,0.1367,False,1,3,GREEN,True
2025-12-11,09:00,2025-12-11T03:30:00,0.3294,1.046,-0.0297,,25758.0,,,,10.91,STABLE,,,,,SGX / Straits Times Index,-0.0297,False,1,3,GREEN,True
2025-12-11,16:00,2025-12-11T10:30:00,0.3294,1.046,-0.0297,25771.4,25898.55,25922.8,25693.25,0.5457,10.4,STABLE,,,,,SGX / Straits Times Index,-0.0297,False,1,3,GREEN,True
2025-12-12,09:00,2025-12-12T03:30:00,-0.2549,1.3448,0.1979,,25898.55,,,,10.4,STABLE,,,,,SGX / Straits Times Index,0.1979,False,1,3,GREEN,True
2025-12-12,16:00,2025-12-12T10:30:00,-0.2549,1.3448,0.1979,25971.2,26046.95,26057.6,25938.45,0.573,10.11,STABLE,,,,,SGX / Straits Times Index,0.1979,False,1,3,GREEN,True
2025-12-15,09:00,2025-12-15T03:30:00,-1.6898,-0.505,1.4515,,26046.95,,,,10.11,STABLE,,,,,SGX / Straits Times Index,1.4515,False,-1,3,RED,True
2025-12-15,16:00,2025-12-15T10:30:00,-1.6898,-0.505,1.4515,25930.05,26027.3,26047.15,25904.75,-0.0754,10.25,STABLE,,,,,SGX / Straits Times Index,1.4515,False,-1,3,RED,True
2025-12-16,09:00,2025-12-16T03:30:00,-0.5939,-0.0856,0.0593,,26027.3,,,,10.25,STABLE,,,,,SGX / Straits Times Index,0.0593,False,-1,3,RED,True
2025-12-16,16:00,2025-12-16T10:30:00,-0.5939,-0.0856,0.0593,25951.5,25860.1,25980.75,25834.35,-0.6424,10.06,STABLE,,,,,SGX / Straits Times Index,0.0593,False,-1,3,RED,True
2025-12-17,09:00,2025-12-17T03:30:00,0.2344,-0.6244,-0.2057,,25860.1,,,,10.06,STABLE,,,,,SGX / Straits Times Index,-0.2057,False,-1,3,RED,True
2025-12-17,16:00,2025-12-17T10:30:00,0.2344,-0.6244,-0.2057,25902.4,25818.55,25929.15,25770.35,-0.1607,9.84,STABLE,,,,,SGX / Straits Times Index,-0.2057,False,-1,3,RED,True
2025-12-18,09:00,2025-12-18T03:30:00,-1.8092,-0.4745,-0.0928,,25818.55,,,,9.84,STABLE,,,,,SGX / Straits Times Index,-0.0928,False,-3,3,RED,True
2025-12-18,16:00,2025-12-18T10:30:00,-1.8092,-0.4745,-0.0928,25764.7,25815.55,25902.35,25726.3,-0.0116,9.71,STABLE,,,,,SGX / Straits Times Index,-0.0928,False,-3,3,RED,True
2025-12-19,09:00,2025-12-19T03:30:00,1.3794,0.1376,-0.1064,,25815.55,,,,9.71,STABLE,,,,,SGX / Straits Times Index,-0.1064,False,1,3,GREEN,True
2025-12-19,16:00,2025-12-19T10:30:00,1.3794,0.1376,-0.1064,25911.5,25966.4,25993.35,25880.45,0.5843,9.52,STABLE,,,,,SGX / Straits Times Index,-0.1064,False,1,3,GREEN,True
2025-12-22,09:00,2025-12-22T03:30:00,1.3095,0.3817,-0.0182,,25966.4,,,,9.52,STABLE,,,,,SGX / Straits Times Index,-0.0182,False,1,3,GREEN,True
2025-12-22,16:00,2025-12-22T10:30:00,1.3095,0.3817,-0.0182,26055.85,26172.4,26180.7,26047.8,0.7933,9.68,STABLE,,,,,SGX / Straits Times Index,-0.0182,False,1,3,GREEN,True
2025-12-23,09:00,2025-12-23T03:30:00,0.52,0.4732,0.8865,,26172.4,,,,9.68,STABLE,,,,,SGX / Straits Times Index,0.8865,False,3,3,GREEN,True
2025-12-23,16:00,2025-12-23T10:30:00,0.52,0.4732,0.8865,26205.2,26177.15,26233.55,26119.05,0.0181,9.38,STABLE,,,,,SGX / Straits Times Index,0.8865,False,3,3,GREEN,True
2025-12-24,09:00,2025-12-24T03:30:00,0.5677,0.1649,0.6221,,26177.15,,,,9.38,STABLE,,,,,SGX / Straits Times Index,0.6221,False,3,3,GREEN,True
2025-12-24,16:00,2025-12-24T10:30:00,0.5677,0.1649,0.6221,26170.65,26142.1,26236.4,26123.0,-0.1339,9.19,STABLE,,,,,SGX / Straits Times Index,0.6221,False,3,3,GREEN,True
2025-12-26,09:00,2025-12-26T03:30:00,0.2184,0.5961,-0.0567,,26142.1,,,,9.19,STABLE,,,,,SGX / Straits Times Index,-0.0567,False,1,3,GREEN,True
2025-12-26,16:00,2025-12-26T10:30:00,0.2184,0.5961,-0.0567,26121.25,26042.3,26144.2,26008.6,-0.3818,9.15,STABLE,,,,,SGX / Straits Times Index,-0.0567,False,1,3,GREEN,True
2025-12-29,09:00,2025-12-29T03:30:00,-0.0856,-0.0414,-0.0041,,26042.3,,,,9.15,STABLE,,,,,SGX / Straits Times Index,-0.0041,False,-3,3,RED,True
2025-12-29,16:00,2025-12-29T10:30:00,-0.0856,-0.0414,-0.0041,26063.35,25942.1,26106.8,25920.3,-0.3848,9.72,STABLE,,,,,SGX / Straits Times Index,-0.0041,False,-3,3,RED,True
2025-12-30,09:00,2025-12-30T03:30:00,-0.5033,-0.5113,-0.0541,,25942.1,,,,9.72,STABLE,,,,,SGX / Straits Times Index,-0.0541,False,-3,3,RED,True
2025-12-30,16:00,2025-12-30T10:30:00,-0.5033,-0.5113,-0.0541,25940.9,25938.85,25976.75,25878.0,-0.0125,9.68,STABLE,,,,,SGX / Straits Times Index,-0.0541,False,-3,3,RED,True
2025-12-31,09:00,2025-12-31T03:30:00,-0.2354,-0.1958,0.4692,,25938.85,,,,9.68,STABLE,,,,,SGX / Straits Times Index,0.4692,False,-1,3,RED,True
2025-12-31,16:00,2025-12-31T10:30:00,-0.2354,-0.1958,0.4692,25971.05,26129.6,26187.95,25969.0,0.7354,9.48,STABLE,,,,,SGX / Straits Times Index,0.4692,False,-1,3,RED,True
2026-01-01,09:00,2026-01-01T03:30:00,-0.7562,-0.6281,-0.197,,26129.6,,,,9.48,STABLE,,,,,SGX / Straits Times Index,-0.197,False,-3,3,RED,True
2026-01-01,16:00,2026-01-01T10:30:00,-0.7562,-0.6281,-0.197,26173.3,26146.55,26197.55,26113.4,0.0649,9.48,STABLE,,,,,SGX / Straits Times Index,-0.197,False,-3,3,RED,True
2026-01-02,09:00,2026-01-02T03:30:00,-0.7562,-0.6281,-0.197,,26146.55,,,,9.48,STABLE,,,,,SGX / Straits Times Index,-0.197,False,-3,3,RED,True
2026-01-02,16:00,2026-01-02T10:30:00,-0.7562,-0.6281,-0.197,26155.1,26328.55,26340.0,26118.4,0.6961,9.45,STABLE,,,,,SGX / Straits Times Index,-0.197,False,-3,3,RED,True
2026-01-05,09:00,2026-01-05T03:30:00,-0.0274,0.6639,0.2133,,26328.55,,,,9.45,STABLE,,,,,SGX / Straits Times Index,0.2133,False,1,3,GREEN,True
2026-01-05,16:00,2026-01-05T10:30:00,-0.0274,0.6639,0.2133,26333.7,26250.3,26373.2,26210.05,-0.2972,10.02,STABLE,,,,,SGX / Straits Times Index,0.2133,False,1,3,GREEN,True
2026-01-06,09:00,2026-01-06T03:30:00,0.6894,1.2294,0.5236,,26250.3,,,,10.02,STABLE,,,,,SGX / Straits Times Index,0.5236,False,3,3,GREEN,True
2026-01-06,16:00,2026-01-06T10:30:00,0.6894,1.2294,0.5236,26189.7,26178.7,26273.95,26124.75,-0.2728,10.02,STABLE,,,,,SGX / Straits Times Index,0.5236,False,3,3,GREEN,True
2026-01-07,09:00,2026-01-07T03:30:00,0.6469,0.99,1.2706,,26178.7,,,,10.02,STABLE,,,,,SGX / Straits Times Index,1.2706,False,3,3,GREEN,True
2026-01-07,16:00,2026-01-07T10:30:00,0.6469,0.99,1.2706,26143.1,26140.75,26187.15,26067.9,-0.145,9.95,STABLE,,,,,SGX / Straits Times Index,1.2706,False,3,3,GREEN,True
2026-01-08,09:00,2026-01-08T03:30:00,0.1576,-0.9421,0.1614,,26140.75,,,,9.95,STABLE,,,,,SGX / Straits Times Index,0.1614,False,1,3,GREEN,True
2026-01-08,16:00,2026-01-08T10:30:00,0.1576,-0.9421,0.1614,26106.5,25876.85,26133.2,25858.45,-1.0095,10.6,STABLE,,,,,SGX / Straits Times Index,0.1614,False,1,3,GREEN,True
2026-01-09,09:00,2026-01-09T03:30:00,-0.4421,0.5511,-0.1801,,25876.85,,,,10.6,STABLE,,,,,SGX / Straits Times Index,-0.1801,False,-1,3,RED,True
2026-01-09,16:00,2026-01-09T10:30:00,-0.4421,0.5511,-0.1801,25840.4,25683.3,25940.6,25623.0,-0.748,10.93,STABLE,,,,,SGX / Straits Times Index,-0.1801,False,-1,3,RED,True
2026-01-12,09:00,2026-01-12T03:30:00,0.8149,0.483,0.118,,25683.3,,,,10.93,STABLE,,,,,SGX / Straits Times Index,0.118,False,3,3,GREEN,True
2026-01-12,16:00,2026-01-12T10:30:00,0.8149,0.483,0.118,25669.05,25790.25,25813.15,25473.4,0.4164,11.37,STABLE,,,,,SGX / Straits Times Index,0.118,False,3,3,GREEN,True
2026-01-13,09:00,2026-01-13T03:30:00,0.2642,0.174,0.4662,,25790.25,,,,11.37,STABLE,,,,,SGX / Straits Times Index,0.4662,False,3,3,GREEN,True
2026-01-13,16:00,2026-01-13T10:30:00,0.2642,0.174,0.4662,25897.35,25732.3,25899.8,25603.3,-0.2247,11.2,STABLE,,,,,SGX / Straits Times Index,0.4662,False,3,3,GREEN,True
2026-01-14,09:00,2026-01-14T03:30:00,-0.1013,-0.803,0.8465,,25732.3,,,,11.2,STABLE,,,,,SGX / Straits Times Index,0.8465,False,-1,3,RED,True
2026-01-14,16:00,2026-01-14T10:30:00,-0.1013,-0.803,0.8465,25648.55,25665.6,25791.75,25603.95,-0.2592,11.32,STABLE,,,,,SGX / Straits Times Index,0.8465,False,-1,3,RED,True
2026-01-16,09:00,2026-01-16T03:30:00,0.2483,0.5958,0.4328,,25665.6,,,,11.32,STABLE,,,,,SGX / Straits Times Index,0.4328,False,3,3,GREEN,True
2026-01-16,16:00,2026-01-16T10:30:00,0.2483,0.5958,0.4328,25696.05,25694.35,25873.5,25662.4,0.112,11.37,STABLE,,,,,SGX / Straits Times Index,0.4328,False,3,3,GREEN,True
2026-01-19,09:00,2026-01-19T03:30:00,-0.0622,-0.1681,0.3261,,25694.35,,,,11.37,STABLE,,,,,SGX / Straits Times Index,0.3261,False,-1,3,RED,True
2026-01-19,16:00,2026-01-19T10:30:00,-0.0622,-0.1681,0.3261,25653.1,25585.5,25653.3,25494.35,-0.4236,11.83,STABLE,,,,,SGX / Straits Times Index,0.3261,False,-1,3,RED,True
2026-01-20,09:00,2026-01-20T03:30:00,-0.0622,-0.1681,-0.2933,,25585.5,,,,11.83,STABLE,,,,,SGX / Straits Times Index,-0.2933,False,-3,3,RED,True
2026-01-20,16:00,2026-01-20T10:30:00,-0.0622,-0.1681,-0.2933,25580.3,25232.5,25585.0,25171.35,-1.3797,12.73,STABLE,,,,,SGX / Straits Times Index,-0.2933,False,-3,3,RED,True
2026-01-21,09:00,2026-01-21T03:30:00,-2.386,-1.7641,-0.1423,,25232.5,,,,12.73,STABLE,,,,,SGX / Straits Times Index,-0.1423,False,-3,3,RED,True
2026-01-21,16:00,2026-01-21T10:30:00,-2.386,-1.7641,-0.1423,25141.0,25157.5,25300.95,24919.8,-0.2972,13.78,STABLE,,,,,SGX / Straits Times Index,-0.1423,False,-3,3,RED,True
2026-01-22,09:00,2026-01-22T03:30:00,1.1784,1.214,-0.3753,,25157.5,,,,13.78,STABLE,,,,,SGX / Straits Times Index,-0.3753,False,1,3,GREEN,True
2026-01-22,16:00,2026-01-22T10:30:00,1.1784,1.214,-0.3753,25344.15,25289.9,25435.75,25168.5,0.5263,13.35,STABLE,,,,,SGX / Straits Times Index,-0.3753,False,1,3,GREEN,True
2026-01-23,09:00,2026-01-23T03:30:00,0.9094,0.6251,0.3834,,25289.9,,,,13.35,STABLE,,,,,SGX / Straits Times Index,0.3834,False,3,3,GREEN,True
2026-01-23,16:00,2026-01-23T10:30:00,0.9094,0.6251,0.3834,25344.6,25048.65,25347.95,25025.3,-0.9539,14.19,STABLE,,,,,SGX / Straits Times Index,0.3834,False,3,3,GREEN,True
2026-01-27,09:00,2026-01-27T03:30:00,0.426,0.6389,-0.6239,,25048.65,,,,14.19,STABLE,,,,,SGX / Straits Times Index,-0.6239,False,1,3,GREEN,True
2026-01-27,16:00,2026-01-27T10:30:00,0.426,0.6389,-0.6239,25063.35,25175.4,25246.65,24932.55,0.506,14.45,STABLE,,,,,SGX / Straits Times Index,-0.6239,False,1,3,GREEN,True
2026-01-28,09:00,2026-01-28T03:30:00,0.9141,-0.8277,1.2773,,25175.4,,,,14.45,STABLE,,,,,SGX / Straits Times Index,1.2773,False,1,3,GREEN,True
2026-01-28,16:00,2026-01-28T10:30:00,0.9141,-0.8277,1.2773,25258.85,25342.75,25372.1,25187.65,0.6647,13.53,STABLE,,,,,SGX / Straits Times Index,1.2773,False,1,3,GREEN,True
2026-01-29,09:00,2026-01-29T03:30:00,0.1694,0.0249,-0.2779,,25342.75,,,,13.53,STABLE,,,,,SGX / Straits Times Index,-0.2779,False,1,3,GREEN,True
2026-01-29,16:00,2026-01-29T10:30:00,0.1694,0.0249,-0.2779,25345.0,25418.9,25458.15,25159.8,0.3005,13.37,STABLE,,,,,SGX / Straits Times Index,-0.2779,False,1,3,GREEN,True
2026-01-30,09:00,2026-01-30T03:30:00,-0.7223,0.1142,0.4214,,25418.9,,,,13.37,STABLE,,,,,SGX / Straits Times Index,0.4214,False,1,3,GREEN,True
2026-01-30,16:00,2026-01-30T10:30:00,-0.7223,0.1142,0.4214,25247.55,25320.65,25370.7,25213.65,-0.3865,13.63,STABLE,,,,,SGX / Straits Times Index,0.4214,False,1,3,GREEN,True
2026-02-02,09:00,2026-02-02T03:30:00,-0.9428,-0.365,-0.5051,,25320.65,,,,13.63,STABLE,,,,,SGX / Straits Times Index,-0.5051,False,-3,3,RED,True
2026-02-02,16:00,2026-02-02T10:30:00,-0.9428,-0.365,-0.5051,24796.5,25088.4,25108.1,24679.4,-0.9172,13.87,STABLE,,,,,SGX / Straits Times Index,-0.5051,False,-3,3,RED,True
2026-02-03,09:00,2026-02-03T03:30:00,0.5553,1.0537,-0.2622,,25088.4,,,,13.87,STABLE,,,,,SGX / Straits Times Index,-0.2622,False,1,3,GREEN,True
2026-02-03,16:00,2026-02-03T10:30:00,0.5553,1.0537,-0.2622,26308.05,25727.55,26341.2,25641.3,2.5476,12.9,STABLE,,,,,SGX / Straits Times Index,-0.2622,False,1,3,GREEN,True
2026-02-04,09:00,2026-02-04T03:30:00,-1.4281,-0.3373,1.0592,,25727.55,,,,12.9,STABLE,,,,,SGX / Straits Times Index,1.0592,False,-1,3,RED,True
2026-02-04,16:00,2026-02-04T10:30:00,-1.4281,-0.3373,1.0592,25675.05,25776.0,25818.55,25563.95,0.1883,12.25,STABLE,,,,,SGX / Straits Times Index,1.0592,False,-1,3,RED,True
2026-02-05,09:00,2026-02-05T03:30:00,-1.5077,0.5287,0.433,,25776.0,,,,12.25,STABLE,,,,,SGX / Straits Times Index,0.433,False,1,3,GREEN,True
2026-02-05,16:00,2026-02-05T10:30:00,-1.5077,0.5287,0.433,25755.9,25642.8,25757.65,25579.5,-0.5168,12.17,STABLE,,,,,SGX / Straits Times Index,0.433,False,1,3,GREEN,True
2026-02-06,09:00,2026-02-06T03:30:00,-1.5892,-1.1971,0.2088,,25642.8,,,,12.17,STABLE,,,,,SGX / Straits Times Index,0.2088,False,-1,3,RED,True
2026-02-06,16:00,2026-02-06T10:30:00,-1.5892,-1.1971,0.2088,25605.8,25693.7,25703.95,25491.9,0.1985,11.94,STABLE,,,,,SGX / Straits Times Index,0.2088,False,-1,3,RED,True
2026-02-09,09:00,2026-02-09T03:30:00,2.1766,2.4678,-0.8332,,25693.7,,,,11.94,STABLE,,,,,SGX / Straits Times Index,-0.8332,False,1,3,GREEN,True
2026-02-09,16:00,2026-02-09T10:30:00,2.1766,2.4678,-0.8332,25888.7,25867.3,25922.25,25780.9,0.6757,12.19,STABLE,,,,,SGX / Straits Times Index,-0.8332,False,1,3,GREEN,True
2026-02-10,09:00,2026-02-10T03:30:00,0.9008,0.0403,0.5354,,25867.3,,,,12.19,STABLE,,,,,SGX / Straits Times Index,0.5354,False,3,3,GREEN,True
2026-02-10,16:00,2026-02-10T10:30:00,0.9008,0.0403,0.5354,25922.65,25935.15,25989.45,25870.45,0.2623,11.67,STABLE,,,,,SGX / Straits Times Index,0.5354,False,3,3,GREEN,True
2026-02-11,09:00,2026-02-11T03:30:00,-0.5861,0.1043,0.0689,,25935.15,,,,11.67,STABLE,,,,,SGX / Straits Times Index,0.0689,False,1,3,GREEN,True
2026-02-11,16:00,2026-02-11T10:30:00,-0.5861,0.1043,0.0689,25997.45,25953.85,26009.4,25899.8,0.0721,11.55,STABLE,,,,,SGX / Straits Times Index,0.0689,False,1,3,GREEN,True
2026-02-12,09:00,2026-02-12T03:30:00,-0.1558,-0.133,0.4095,,25953.85,,,,11.55,STABLE,,,,,SGX / Straits Times Index,0.4095,False,-1,3,RED,True
2026-02-12,16:00,2026-02-12T10:30:00,-0.1558,-0.133,0.4095,25906.7,25807.2,25906.7,25752.4,-0.565,11.73,STABLE,,,,,SGX / Straits Times Index,0.4095,False,-1,3,RED,True
2026-02-13,09:00,2026-02-13T03:30:00,-2.0346,-1.3356,0.6456,,25807.2,,,,11.73,STABLE,,,,,SGX / Straits Times Index,0.6456,False,-1,3,RED,True
2026-02-13,16:00,2026-02-13T10:30:00,-2.0346,-1.3356,0.6456,25571.15,25471.1,25630.35,25444.3,-1.3023,13.29,STABLE,,,,,SGX / Straits Times Index,0.6456,False,-1,3,RED,True
2026-02-16,09:00,2026-02-16T03:30:00,-0.2234,0.099,-1.5743,,25471.1,,,,13.29,STABLE,,,,,SGX / Straits Times Index,-1.5743,False,-1,3,RED,True
2026-02-16,16:00,2026-02-16T10:30:00,-0.2234,0.099,-1.5743,25423.6,25682.75,25697.0,25372.7,0.8309,13.33,STABLE,,,,,SGX / Straits Times Index,-1.5743,False,-1,3,RED,True
2026-02-17,09:00,2026-02-17T03:30:00,-0.2234,0.099,0.0162,,25682.75,,,,13.33,STABLE,,,,,SGX / Straits Times Index,0.0162,False,1,3,GREEN,True
2026-02-17,16:00,2026-02-17T10:30:00,-0.2234,0.099,0.0162,25637.95,25725.4,25764.4,25570.3,0.1661,12.67,STABLE,,,,,SGX / Straits Times Index,0.0162,False,1,3,GREEN,True
2026-02-18,09:00,2026-02-18T03:30:00,0.1406,0.0652,0.0162,,25725.4,,,,12.67,STABLE,,,,,SGX / Straits Times Index,0.0162,False,3,3,GREEN,True
2026-02-18,16:00,2026-02-18T10:30:00,0.1406,0.0652,0.0162,25752.65,25819.35,25828.05,25645.15,0.3652,12.22,STABLE,,,,,SGX / Straits Times Index,0.0162,False,3,3,GREEN,True
2026-02-19,09:00,2026-02-19T03:30:00,0.7762,0.2614,0.0162,,25819.35,,,,12.22,STABLE,,,,,SGX / Straits Times Index,0.0162,False,3,3,GREEN,True
2026-02-19,16:00,2026-02-19T10:30:00,0.7762,0.2614,0.0162,25873.35,25454.35,25885.3,25388.75,-1.4137,13.46,STABLE,,,,,SGX / Straits Times Index,0.0162,False,3,3,GREEN,True
2026-02-20,09:00,2026-02-20T03:30:00,-0.3116,-0.5386,1.2753,,25454.35,,,,13.46,STABLE,,,,,SGX / Straits Times Index,1.2753,False,-1,3,RED,True
2026-02-20,16:00,2026-02-20T10:30:00,-0.3116,-0.5386,1.2753,25406.55,25571.25,25663.55,25379.75,0.4593,14.36,STABLE,,,,,SGX / Straits Times Index,1.2753,False,-1,3,RED,True
2026-02-23,09:00,2026-02-23T03:30:00,0.8965,0.4673,0.3207,,25571.25,,,,14.36,STABLE,,,,,SGX / Straits Times Index,0.3207,False,3,3,GREEN,True
2026-02-23,16:00,2026-02-23T10:30:00,0.8965,0.4673,0.3207,25678.4,25713.0,25771.45,25609.35,0.5543,14.17,STABLE,,,,,SGX / Straits Times Index,0.3207,False,3,3,GREEN,True
2026-02-24,09:00,2026-02-24T03:30:00,-1.1308,-1.6562,0.4729,,25713.0,,,,14.17,STABLE,,,,,SGX / Straits Times Index,0.4729,False,-1,3,RED,True
2026-02-24,16:00,2026-02-24T10:30:00,-1.1308,-1.6562,0.4729,25641.8,25424.65,25641.8,25327.6,-1.1214,14.15,STABLE,,,,,SGX / Straits Times Index,0.4729,False,-1,3,RED,True
2026-02-25,09:00,2026-02-25T03:30:00,1.0448,0.759,-0.4074,,25424.65,,,,14.15,STABLE,,,,,SGX / Straits Times Index,-0.4074,False,1,3,GREEN,True
2026-02-25,16:00,2026-02-25T10:30:00,1.0448,0.759,-0.4074,25512.6,25482.5,25652.6,25428.2,0.2275,13.49,STABLE,,,,,SGX / Straits Times Index,-0.4074,False,1,3,GREEN,True
2026-02-26,09:00,2026-02-26T03:30:00,1.2614,0.6256,-0.2601,,25482.5,,,,13.49,STABLE,,,,,SGX / Straits Times Index,-0.2601,False,1,3,GREEN,True
2026-02-26,16:00,2026-02-26T10:30:00,1.2614,0.6256,-0.2601,25556.3,25496.55,25572.95,25400.95,0.0551,13.06,STABLE,,,,,SGX / Straits Times Index,-0.2601,False,1,3,GREEN,True
2026-02-27,09:00,2026-02-27T03:30:00,-1.1822,0.0345,-0.8657,,25496.55,,,,13.06,STABLE,,,,,SGX / Straits Times Index,-0.8657,False,-1,3,RED,True
2026-02-27,16:00,2026-02-27T10:30:00,-1.1822,0.0345,-0.8657,25459.85,25178.65,25476.4,25141.3,-1.2468,13.7,STABLE,,,,,SGX / Straits Times Index,-0.8657,False,-1,3,RED,True
2026-03-02,09:00,2026-03-02T03:30:00,-0.9186,-1.0531,0.6182,,25178.65,,,,13.7,STABLE,,,,,SGX / Straits Times Index,0.6182,False,-1,3,RED,True
2026-03-02,16:00,2026-03-02T10:30:00,-0.9186,-1.0531,0.6182,24659.25,24865.7,24989.35,24603.5,-1.2429,17.13,VOLATILE,,,,,SGX / Straits Times Index,0.6182,False,-1,3,RED,True
2026-03-04,09:00,2026-03-04T03:30:00,-1.0206,-0.8251,0.5273,,24865.7,,,,17.13,VOLATILE,,,,,SGX / Straits Times Index,0.5273,False,-1,3,RED,True
2026-03-04,16:00,2026-03-04T10:30:00,-1.0206,-0.8251,0.5273,24388.8,24480.5,24602.45,24305.4,-1.5491,21.14,VOLATILE,,,,,SGX / Straits Times Index,0.5273,False,-1,3,RED,True
2026-03-05,09:00,2026-03-05T03:30:00,1.2914,0.491,-2.1132,,24480.5,,,,21.14,VOLATILE,,,,,SGX / Straits Times Index,-2.1132,False,1,3,GREEN,True
2026-03-05,16:00,2026-03-05T10:30:00,1.2914,0.491,-2.1132,24615.95,24765.9,24854.2,24529.4,1.1658,17.86,VOLATILE,,,,,SGX / Straits Times Index,-2.1132,False,1,3,GREEN,True
2026-03-06,09:00,2026-03-06T03:30:00,-0.2565,-1.6099,0.7025,,24765.9,,,,17.86,VOLATILE,,,,,SGX / Straits Times Index,0.7025,False,-1,3,RED,True
2026-03-06,16:00,2026-03-06T10:30:00,-0.2565,-1.6099,0.7025,24656.4,24450.45,24700.9,24415.75,-1.2737,19.88,VOLATILE,,,,,SGX / Straits Times Index,0.7025,False,-1,3,RED,True
2026-03-09,09:00,2026-03-09T03:30:00,-1.5882,-0.945,0.0349,,24450.45,,,,19.88,VOLATILE,,,,,SGX / Straits Times Index,0.0349,False,-1,3,RED,True
2026-03-09,16:00,2026-03-09T10:30:00,-1.5882,-0.945,0.0349,23868.05,24028.05,24078.15,23697.8,-1.7276,23.36,VOLATILE,,,,,SGX / Straits Times Index,0.0349,False,-1,3,RED,True
2026-03-10,09:00,2026-03-10T03:30:00,1.377,0.5037,-1.8902,,24028.05,,,,23.36,VOLATILE,,,,,SGX / Straits Times Index,-1.8902,False,1,3,GREEN,True
2026-03-10,16:00,2026-03-10T10:30:00,1.377,0.5037,-1.8902,24280.8,24261.6,24303.8,24079.95,0.972,18.91,VOLATILE,,,,,SGX / Straits Times Index,-1.8902,False,1,3,GREEN,True
2026-03-11,09:00,2026-03-11T03:30:00,0.0051,-0.0718,2.1871,,24261.6,,,,18.91,VOLATILE,,,,,SGX / Straits Times Index,2.1871,False,1,3,GREEN,True
2026-03-11,16:00,2026-03-11T10:30:00,0.0051,-0.0718,2.1871,24231.85,23866.85,24299.0,23834.3,-1.6271,21.06,VOLATILE,,,,,SGX / Straits Times Index,2.1871,False,1,3,GREEN,True
2026-03-12,09:00,2026-03-12T03:30:00,0.0838,-0.6063,0.0652,,23866.85,,,,21.06,VOLATILE,,,,,SGX / Straits Times Index,0.0652,False,1,3,GREEN,True
2026-03-12,16:00,2026-03-12T10:30:00,0.0838,-0.6063,0.0652,23674.85,23639.15,23833.15,23556.3,-0.954,21.52,VOLATILE,,,,,SGX / Straits Times Index,0.0652,False,1,3,GREEN,True
2026-03-13,09:00,2026-03-13T03:30:00,-1.7791,-1.5594,-0.1743,,23639.15,,,,21.52,VOLATILE,,,,,SGX / Straits Times Index,-0.1743,False,-3,3,RED,True
2026-03-13,16:00,2026-03-13T10:30:00,-1.7791,-1.5594,-0.1743,23462.5,23151.1,23492.4,23112.0,-2.0646,22.65,VOLATILE,,,,,SGX / Straits Times Index,-0.1743,False,-3,3,RED,True
2026-03-16,09:00,2026-03-16T03:30:00,-0.9261,-0.2558,-0.269,,23151.1,,,,22.65,VOLATILE,,,,,SGX / Straits Times Index,-0.269,False,-3,3,RED,True
2026-03-16,16:00,2026-03-16T10:30:00,-0.9261,-0.2558,-0.269,23116.1,23408.8,23502.0,22955.25,1.1131,21.6,VOLATILE,,,,,SGX / Straits Times Index,-0.269,False,-3,3,RED,True
2026-03-17,09:00,2026-03-17T03:30:00,1.2161,0.8332,0.5456,,23408.8,,,,21.6,VOLATILE,,,,,SGX / Straits Times Index,0.5456,False,3,3,GREEN,True
2026-03-17,16:00,2026-03-17T10:30:00,1.2161,0.8332,0.5456,23493.2,23581.15,23656.8,23346.6,0.7363,19.79,VOLATILE,,,,,SGX / Straits Times Index,0.5456,False,3,3,GREEN,True
2026-03-18,09:00,2026-03-18T03:30:00,0.4709,0.0998,1.3819,,23581.15,,,,19.79,VOLATILE,,,,,SGX / Straits Times Index,1.3819,False,3,3,GREEN,True
2026-03-18,16:00,2026-03-18T10:30:00,0.4709,0.0998,1.3819,23632.9,23777.8,23862.25,23618.45,0.8339,18.72,VOLATILE,,,,,SGX / Straits Times Index,1.3819,False,3,3,GREEN,True
2026-03-19,09:00,2026-03-19T03:30:00,-1.4551,-1.6345,1.3412,,23777.8,,,,18.72,VOLATILE,,,,,SGX / Straits Times Index,1.3412,False,-1,3,RED,True
2026-03-19,16:00,2026-03-19T10:30:00,-1.4551,-1.6345,1.3412,23197.75,23002.15,23378.7,22930.35,-3.2621,22.8,VOLATILE,,,,,SGX / Straits Times Index,1.3412,False,-1,3,RED,True
2026-03-20,09:00,2026-03-20T03:30:00,-0.2787,-0.4407,-0.6909,,23002.15,,,,22.8,VOLATILE,,,,,SGX / Straits Times Index,-0.6909,False,-3,3,RED,True
2026-03-20,16:00,2026-03-20T10:30:00,-0.2787,-0.4407,-0.6909,23110.15,23114.5,23345.15,23067.6,0.4884,22.81,VOLATILE,,,,,SGX / Straits Times Index,-0.6909,False,-3,3,RED,True
2026-03-23,09:00,2026-03-23T03:30:00,-2.0057,-0.9647,-0.3772,,23114.5,,,,22.81,VOLATILE,,,,,SGX / Straits Times Index,-0.3772,False,-3,3,RED,True
2026-03-23,16:00,2026-03-23T10:30:00,-2.0057,-0.9647,-0.3772,22824.35,22512.65,22851.7,22471.25,-2.6038,26.73,VOLATILE,,,,,SGX / Straits Times Index,-0.3772,False,-3,3,RED,True
2026-03-24,09:00,2026-03-24T03:30:00,1.3819,1.3845,-2.1736,,22512.65,,,,26.73,VOLATILE,,,,,SGX / Straits Times Index,-2.1736,False,1,3,GREEN,True
2026-03-24,16:00,2026-03-24T10:30:00,1.3819,1.3845,-2.1736,22878.45,22912.4,23057.3,22624.2,1.7757,24.74,VOLATILE,,,,,SGX / Straits Times Index,-2.1736,False,1,3,GREEN,True
2026-03-25,09:00,2026-03-25T03:30:00,-0.8424,-0.1827,0.4365,,22912.4,,,,24.74,VOLATILE,,,,,SGX / Straits Times Index,0.4365,False,-1,3,RED,True
2026-03-25,16:00,2026-03-25T10:30:00,-0.8424,-0.1827,0.4365,23064.4,23306.45,23465.35,23063.2,1.7198,24.64,VOLATILE,,,,,SGX / Straits Times Index,0.4365,False,-1,3,RED,True
2026-03-27,09:00,2026-03-27T03:30:00,-2.3791,-1.0109,-0.3421,,23306.45,,,,24.64,VOLATILE,,,,,SGX / Straits Times Index,-0.3421,False,-3,3,RED,True
2026-03-27,16:00,2026-03-27T10:30:00,-2.3791,-1.0109,-0.3421,23173.55,22819.6,23186.1,22804.55,-2.0889,26.8,VOLATILE,,,,,SGX / Straits Times Index,-0.3421,False,-3,3,RED,True
2026-03-30,09:00,2026-03-30T03:30:00,-2.1474,-1.7264,0.2132,,22819.6,,,,26.8,VOLATILE,,,,,SGX / Straits Times Index,0.2132,False,-1,3,RED,True
2026-03-30,16:00,2026-03-30T10:30:00,-2.1474,-1.7264,0.2132,22549.65,22331.4,22714.1,22283.85,-2.1394,27.89,VOLATILE,,,,,SGX / Straits Times Index,0.2132,False,-1,3,RED,True
2026-04-01,09:00,2026-04-01T03:30:00,3.8279,2.4889,-0.2411,,22331.4,,,,27.89,VOLATILE,,,,,SGX / Straits Times Index,-0.2411,False,1,3,GREEN,True
2026-04-01,16:00,2026-04-01T10:30:00,3.8279,2.4889,-0.2411,22899.0,22679.4,22941.3,22618.6,1.5583,25.01,VOLATILE,,,,,SGX / Straits Times Index,-0.2411,False,1,3,GREEN,True
2026-04-02,09:00,2026-04-02T03:30:00,1.1594,0.4839,1.85,,22679.4,,,,25.01,VOLATILE,,,,,SGX / Straits Times Index,1.85,False,3,3,GREEN,True
2026-04-02,16:00,2026-04-02T10:30:00,1.1594,0.4839,1.85,22383.4,22713.1,22782.3,22182.55,0.1486,25.52,VOLATILE,,,,,SGX / Straits Times Index,1.85,False,3,3,GREEN,True
2026-04-06,09:00,2026-04-06T03:30:00,0.175,-0.1311,-0.5694,,22713.1,,,,25.52,VOLATILE,,,,,SGX / Straits Times Index,-0.5694,False,-1,3,RED,True
2026-04-06,16:00,2026-04-06T10:30:00,0.175,-0.1311,-0.5694,22780.3,22968.25,22998.35,22542.95,1.1234,25.47,VOLATILE,,,,,SGX / Straits Times Index,-0.5694,False,-1,3,RED,True
2026-04-07,09:00,2026-04-07T03:30:00,0.5355,0.3552,0.5033,,22968.25,,,,25.47,VOLATILE,,,,,SGX / Straits Times Index,0.5033,False,3,3,GREEN,True
2026-04-07,16:00,2026-04-07T10:30:00,0.5355,0.3552,0.5033,22838.7,23123.65,23153.85,22719.3,0.6766,24.7,VOLATILE,,,,,SGX / Straits Times Index,0.5033,False,3,3,GREEN,True
2026-04-08,09:00,2026-04-08T03:30:00,0.0978,-0.183,-0.2894,,23123.65,,,,24.7,VOLATILE,,,,,SGX / Straits Times Index,-0.2894,False,-1,3,RED,True
2026-04-08,16:00,2026-04-08T10:30:00,0.0978,-0.183,-0.2894,23855.15,23997.35,24025.15,23828.5,3.7784,19.7,VOLATILE,,,,,SGX / Straits Times Index,-0.2894,False,-1,3,RED,True
2026-04-09,09:00,2026-04-09T03:30:00,2.8029,2.8453,0.7672,,23997.35,,,,19.7,VOLATILE,,,,,SGX / Straits Times Index,0.7672,False,3,3,GREEN,True
2026-04-09,16:00,2026-04-09T10:30:00,2.8029,2.8453,0.7672,23909.05,23775.1,23990.75,23682.8,-0.9261,20.43,VOLATILE,,,,,SGX / Straits Times Index,0.7672,False,3,3,GREEN,True
2026-04-10,09:00,2026-04-10T03:30:00,0.8281,0.5758,-0.3797,,23775.1,,,,20.43,VOLATILE,,,,,SGX / Straits Times Index,-0.3797,False,1,3,GREEN,True
2026-04-10,16:00,2026-04-10T10:30:00,0.8281,0.5758,-0.3797,23880.55,24050.6,24074.05,23856.35,1.1588,18.85,VOLATILE,,,,,SGX / Straits Times Index,-0.3797,False,1,3,GREEN,True
2026-04-13,09:00,2026-04-13T03:30:00,0.3526,-0.5587,0.2477,,24050.6,,,,18.85,VOLATILE,,,,,SGX / Straits Times Index,0.2477,False,1,3,GREEN,True
2026-04-13,16:00,2026-04-13T10:30:00,0.3526,-0.5587,0.2477,23589.6,23842.65,23907.4,23555.6,-0.8646,20.5,VOLATILE,,,,,SGX / Straits Times Index,0.2477,False,1,3,GREEN,True
2026-04-15,09:00,2026-04-15T03:30:00,1.964,0.659,0.4695,,23842.65,,,,20.5,VOLATILE,,,,,SGX / Straits Times Index,0.4695,False,3,3,GREEN,True
2026-04-15,16:00,2026-04-15T10:30:00,1.964,0.659,0.4695,24163.8,24231.3,24280.9,24145.8,1.6301,18.67,VOLATILE,,,,,SGX / Straits Times Index,0.4695,False,3,3,GREEN,True
2026-04-16,09:00,2026-04-16T03:30:00,1.5946,-0.1489,0.2722,,24231.3,,,,18.67,VOLATILE,,,,,SGX / Straits Times Index,0.2722,False,1,3,GREEN,True
2026-04-16,16:00,2026-04-16T10:30:00,1.5946,-0.1489,0.2722,24385.2,24196.75,24400.95,24102.8,-0.1426,18.09,VOLATILE,,,,,SGX / Straits Times Index,0.2722,False,1,3,GREEN,True
2026-04-17,09:00,2026-04-17T03:30:00,0.3609,0.2373,-0.2663,,24196.75,,,,18.09,VOLATILE,,,,,SGX / Straits Times Index,-0.2663,False,1,3,GREEN,True
2026-04-17,16:00,2026-04-17T10:30:00,0.3609,0.2373,-0.2663,24165.9,24353.55,24371.9,24096.05,0.648,17.21,VOLATILE,,,,,SGX / Straits Times Index,-0.2663,False,1,3,GREEN,True
2026-04-20,09:00,2026-04-20T03:30:00,1.5176,1.7883,-0.1977,,24353.55,,,,17.21,VOLATILE,,,,,SGX / Straits Times Index,-0.1977,False,1,3,GREEN,True
2026-04-20,16:00,2026-04-20T10:30:00,1.5176,1.7883,-0.1977,24391.5,24364.85,24480.65,24241.25,0.0464,18.79,VOLATILE,,,,,SGX / Straits Times Index,-0.1977,False,1,3,GREEN,True
2026-04-21,09:00,2026-04-21T03:30:00,-0.2619,-0.0099,0.1228,,24364.85,,,,18.79,VOLATILE,,,,,SGX / Straits Times Index,0.1228,False,-1,3,RED,True
2026-04-21,16:00,2026-04-21T10:30:00,-0.2619,-0.0099,0.1228,24374.55,24576.6,24601.7,24354.9,0.8691,17.53,VOLATILE,,,,,SGX / Straits Times Index,0.1228,False,-1,3,RED,True
2026-04-22,09:00,2026-04-22T03:30:00,-0.5918,-0.593,0.2176,,24576.6,,,,17.53,VOLATILE,,,,,SGX / Straits Times Index,0.2176,False,-1,3,RED,True
2026-04-22,16:00,2026-04-22T10:30:00,-0.5918,-0.593,0.2176,24470.85,24378.1,24515.95,24352.9,-0.8077,18.3,VOLATILE,,,,,SGX / Straits Times Index,0.2176,False,-1,3,RED,True
2026-04-23,09:00,2026-04-23T03:30:00,1.639,0.6931,-0.2441,,24378.1,,,,18.3,VOLATILE,,,,,SGX / Straits Times Index,-0.2441,False,1,3,GREEN,True
2026-04-23,16:00,2026-04-23T10:30:00,1.639,0.6931,-0.2441,24202.35,24173.05,24310.2,24134.8,-0.8411,18.59,VOLATILE,,,,,SGX / Straits Times Index,-0.2441,False,1,3,GREEN,True
2026-04-24,09:00,2026-04-24T03:30:00,-0.8885,-0.3631,-1.1716,,24173.05,,,,18.59,VOLATILE,,,,,SGX / Straits Times Index,-1.1716,False,-3,3,RED,True
2026-04-24,16:00,2026-04-24T10:30:00,-0.8885,-0.3631,-1.1716,24100.55,23897.95,24206.0,23813.65,-1.1381,19.71,VOLATILE,,,,,SGX / Straits Times Index,-1.1716,False,-3,3,RED,True
2026-04-27,09:00,2026-04-27T03:30:00,1.629,-0.1614,-0.4298,,23897.95,,,,19.71,VOLATILE,,,,,SGX / Straits Times Index,-0.4298,False,-1,3,RED,True
2026-04-27,16:00,2026-04-27T10:30:00,1.629,-0.1614,-0.4298,23945.45,24092.7,24130.7,23936.2,0.8149,18.38,VOLATILE,,,,,SGX / Straits Times Index,-0.4298,False,-1,3,RED,True
2026-04-28,09:00,2026-04-28T03:30:00,0.2033,-0.1278,-0.612,,24092.7,,,,18.38,VOLATILE,,,,,SGX / Straits Times Index,-0.612,False,-1,3,RED,True
2026-04-28,16:00,2026-04-28T10:30:00,0.2033,-0.1278,-0.612,24049.9,23995.7,24181.8,23957.05,-0.4026,18.05,VOLATILE,,,,,SGX / Straits Times Index,-0.612,False,-1,3,RED,True
2026-04-29,09:00,2026-04-29T03:30:00,-0.8972,-0.0526,-0.103,,23995.7,,,,18.05,VOLATILE,,,,,SGX / Straits Times Index,-0.103,False,-3,3,RED,True
2026-04-29,16:00,2026-04-29T10:30:00,-0.8972,-0.0526,-0.103,24096.9,24177.65,24334.7,24059.95,0.7583,17.44,VOLATILE,,,,,SGX / Straits Times Index,-0.103,False,-3,3,RED,True
2026-04-30,09:00,2026-04-30T03:30:00,0.0383,-0.57,-0.5467,,24177.65,,,,17.44,VOLATILE,,,,,SGX / Straits Times Index,-0.5467,False,-1,3,RED,True
2026-04-30,16:00,2026-04-30T10:30:00,0.0383,-0.57,-0.5467,23996.95,23997.55,24087.45,23796.85,-0.7449,18.46,VOLATILE,,,,,SGX / Straits Times Index,-0.5467,False,-1,3,RED,True
2026-05-04,09:00,2026-05-04T03:30:00,0.8924,-0.3079,1.064,,23997.55,,,,18.46,VOLATILE,,,,,SGX / Straits Times Index,1.064,False,1,3,GREEN,True
2026-05-04,16:00,2026-05-04T10:30:00,0.8924,-0.3079,1.064,24063.55,24119.3,24290.2,24004.75,0.5073,18.3,VOLATILE,,,,,SGX / Straits Times Index,1.064,False,1,3,GREEN,True
2026-05-05,09:00,2026-05-05T03:30:00,-0.1857,-1.126,0.2365,,24119.3,,,,18.3,VOLATILE,,,,,SGX / Straits Times Index,0.2365,False,-1,3,RED,True
2026-05-05,16:00,2026-05-05T10:30:00,-0.1857,-1.126,0.2365,24052.6,24032.8,24081.7,23882.05,-0.3586,17.91,VOLATILE,,,,,SGX / Straits Times Index,0.2365,False,-1,3,RED,True
2026-05-06,09:00,2026-05-06T03:30:00,1.0305,0.7281,-0.0751,,24032.8,,,,17.91,VOLATILE,,,,,SGX / Straits Times Index,-0.0751,False,1,3,GREEN,True
2026-05-06,16:00,2026-05-06T10:30:00,1.0305,0.7281,-0.0751,24171.0,24330.95,24356.5,23997.9,1.2406,16.68,VOLATILE,,,,,SGX / Straits Times Index,-0.0751,False,1,3,GREEN,True
2026-05-07,09:00,2026-05-07T03:30:00,2.0248,1.2421,0.1376,,24330.95,,,,16.68,VOLATILE,,,,,SGX / Straits Times Index,0.1376,False,3,3,GREEN,True
2026-05-07,16:00,2026-05-07T10:30:00,2.0248,1.2421,0.1376,24398.5,24326.65,24482.1,24284.0,-0.0177,16.62,VOLATILE,,,,,SGX / Straits Times Index,0.1376,False,3,3,GREEN,True
2026-05-08,09:00,2026-05-08T03:30:00,-0.1267,-0.6284,0.2959,,24326.65,,,,16.62,VOLATILE,,,,,SGX / Straits Times Index,0.2959,False,-1,3,RED,True
2026-05-08,16:00,2026-05-08T10:30:00,-0.1267,-0.6284,0.2959,24233.65,24176.15,24253.8,24126.65,-0.6187,16.84,VOLATILE,,,,,SGX / Straits Times Index,0.2959,False,-1,3,RED,True
2026-05-11,09:00,2026-05-11T03:30:00,1.7084,0.0246,-0.4059,,24176.15,,,,16.84,VOLATILE,,,,,SGX / Straits Times Index,-0.4059,False,1,3,GREEN,True
2026-05-11,16:00,2026-05-11T10:30:00,1.7084,0.0246,-0.4059,23970.1,23815.85,23997.45,23799.1,-1.4903,18.55,VOLATILE,,,,,SGX / Straits Times Index,-0.4059,False,1,3,GREEN,True
2026-05-12,09:00,2026-05-12T03:30:00,0.1031,0.1921,0.424,,23815.85,,,,18.55,VOLATILE,,,,,SGX / Straits Times Index,0.424,False,3,3,GREEN,True
2026-05-12,16:00,2026-05-12T10:30:00,0.1031,0.1921,0.424,23722.6,23379.55,23757.55,23348.4,-1.832,19.28,VOLATILE,,,,,SGX / Straits Times Index,0.424,False,3,3,GREEN,True
2026-05-13,09:00,2026-05-13T03:30:00,-0.7077,0.1128,0.0653,,23379.55,,,,19.28,VOLATILE,,,,,SGX / Straits Times Index,0.0653,False,1,3,GREEN,True
2026-05-13,16:00,2026-05-13T10:30:00,-0.7077,0.1128,0.0653,23362.45,23412.6,23582.95,23262.55,0.1414,19.43,VOLATILE,,,,,SGX / Straits Times Index,0.0653,False,1,3,GREEN,True
2026-05-14,09:00,2026-05-14T03:30:00,1.2041,-0.1354,1.1719,,23412.6,,,,19.43,VOLATILE,,,,,SGX / Straits Times Index,1.1719,False,1,3,GREEN,True
2026-05-14,16:00,2026-05-14T10:30:00,1.2041,-0.1354,1.1719,23530.25,23689.6,23777.2,23426.55,1.1831,18.61,VOLATILE,,,,,SGX / Straits Times Index,1.1719,False,1,3,GREEN,True
2026-05-15,09:00,2026-05-15T03:30:00,0.882,0.7451,-0.1603,,23689.6,,,,18.61,VOLATILE,,,,,SGX / Straits Times Index,-0.1603,False,1,3,GREEN,True
2026-05-15,16:00,2026-05-15T10:30:00,0.882,0.7451,-0.1603,23731.4,23643.5,23839.3,23610.3,-0.1946,18.79,VOLATILE,,,,,SGX / Straits Times Index,-0.1603,False,1,3,GREEN,True
2026-05-18,09:00,2026-05-18T03:30:00,-1.5396,-1.0732,-0.1373,,23643.5,,,,18.79,VOLATILE,,,,,SGX / Straits Times Index,-0.1373,False,-3,3,RED,True
2026-05-18,16:00,2026-05-18T10:30:00,-1.5396,-1.0732,-0.1373,23482.2,23649.95,23695.65,23317.1,0.0273,19.63,VOLATILE,,,,,SGX / Straits Times Index,-0.1373,False,-3,3,RED,True
2026-05-19,09:00,2026-05-19T03:30:00,-0.5125,0.323,0.1537,,23649.95,,,,19.63,VOLATILE,,,,,SGX / Straits Times Index,0.1537,False,1,3,GREEN,True
2026-05-19,16:00,2026-05-19T10:30:00,-0.5125,0.323,0.1537,23675.3,23618.0,23782.3,23587.2,-0.1351,18.68,VOLATILE,,,,,SGX / Straits Times Index,0.1537,False,1,3,GREEN,True
2026-05-20,09:00,2026-05-20T03:30:00,-0.8433,-0.6486,1.5128,,23618.0,,,,18.68,VOLATILE,,,,,SGX / Straits Times Index,1.5128,False,-1,3,RED,True
2026-05-20,16:00,2026-05-20T10:30:00,-0.8433,-0.6486,1.5128,23457.25,23659.0,23690.9,23397.3,0.1736,18.44,VOLATILE,,,,,SGX / Straits Times Index,1.5128,False,-1,3,RED,True
2026-05-21,09:00,2026-05-21T03:30:00,1.5448,1.3076,-0.5408,,23659.0,,,,18.44,VOLATILE,,,,,SGX / Straits Times Index,-0.5408,False,1,3,GREEN,True
2026-05-21,16:00,2026-05-21T10:30:00,1.5448,1.3076,-0.5408,23830.05,23654.7,23859.9,23596.6,-0.0182,17.82,VOLATILE,,,,,SGX / Straits Times Index,-0.5408,False,1,3,GREEN,True
2026-05-22,09:00,2026-05-22T03:30:00,0.0866,0.5525,0.0159,,23654.7,,,,17.82,VOLATILE,,,,,SGX / Straits Times Index,0.0159,False,3,3,GREEN,True
2026-05-22,16:00,2026-05-22T10:30:00,0.0866,0.5525,0.0159,23671.2,23719.3,23835.65,23671.0,0.2731,17.91,VOLATILE,,,,,SGX / Straits Times Index,0.0159,False,3,3,GREEN,True
2026-05-25,09:00,2026-05-25T03:30:00,0.1935,0.5847,0.4447,,23719.3,,,,17.91,VOLATILE,,,,,SGX / Straits Times Index,0.4447,False,3,3,GREEN,True
2026-05-25,16:00,2026-05-25T10:30:00,0.1935,0.5847,0.4447,23940.25,24031.7,24054.45,23922.85,1.3171,16.7,VOLATILE,,,,,SGX / Straits Times Index,0.4447,False,3,3,GREEN,True
2026-05-26,09:00,2026-05-26T03:30:00,0.1935,0.5847,0.0474,,24031.7,,,,16.7,VOLATILE,,,,,SGX / Straits Times Index,0.0474,False,3,3,GREEN,True
2026-05-26,16:00,2026-05-26T10:30:00,0.1935,0.5847,0.0474,24004.1,23913.7,24089.8,23885.45,-0.491,16.13,VOLATILE,,,,,SGX / Straits Times Index,0.0474,False,3,3,GREEN,True
2026-05-27,09:00,2026-05-27T03:30:00,1.1851,-0.2333,-0.8234,,23913.7,,,,16.13,VOLATILE,,,,,SGX / Straits Times Index,-0.8234,False,-1,3,RED,True
2026-05-27,16:00,2026-05-27T10:30:00,1.1851,-0.2333,-0.8234,23880.35,23907.15,23983.2,23858.25,-0.0274,14.98,STABLE,,,,,SGX / Straits Times Index,-0.8234,False,-1,3,RED,True
2026-05-29,09:00,2026-05-29T03:30:00,0.91,0.0487,-0.7877,,23907.15,,,,14.98,STABLE,,,,,SGX / Straits Times Index,-0.7877,False,1,3,GREEN,True
2026-05-29,16:00,2026-05-29T10:30:00,0.91,0.0487,-0.7877,23902.15,23547.75,24002.8,23484.75,-1.5033,16.19,VOLATILE,,,,,SGX / Straits Times Index,-0.7877,False,1,3,GREEN,True
2026-06-01,09:00,2026-06-01T03:30:00,0.2049,0.7174,0.9755,,23547.75,,,,16.19,VOLATILE,,,,,SGX / Straits Times Index,0.9755,False,3,3,GREEN,True
2026-06-01,16:00,2026-06-01T10:30:00,0.2049,0.7174,0.9755,23654.5,23382.6,23733.7,23357.95,-0.7013,16.54,VOLATILE,,,,,SGX / Straits Times Index,0.9755,False,3,3,GREEN,True
2026-06-02,09:00,2026-06-02T03:30:00,0.4234,0.091,0.9755,,23382.6,,,,16.54,VOLATILE,,,,,SGX / Straits Times Index,0.9755,False,3,3,GREEN,True
2026-06-02,16:00,2026-06-02T10:30:00,0.4234,0.091,0.9755,23229.15,23483.55,23556.95,23229.15,0.4317,15.36,VOLATILE,,,,,SGX / Straits Times Index,0.9755,False,3,3,GREEN,True
2026-06-03,09:00,2026-06-03T03:30:00,0.0262,0.4482,1.1822,,23483.55,,,,15.36,VOLATILE,,,,,SGX / Straits Times Index,1.1822,False,3,3,GREEN,True
2026-06-03,16:00,2026-06-03T10:30:00,0.0262,0.4482,1.1822,23415.95,23405.6,23459.65,23151.5,-0.3319,16.28,VOLATILE,,,,,SGX / Straits Times Index,1.1822,False,3,3,GREEN,True
2026-06-04,09:00,2026-06-04T03:30:00,-0.8855,-1.2098,0.8008,,23405.6,,,,16.28,VOLATILE,,,,,SGX / Straits Times Index,0.8008,False,-1,3,RED,True
2026-06-04,16:00,2026-06-04T10:30:00,-0.8855,-1.2098,0.8008,23282.45,23416.55,23465.3,23247.3,0.0468,15.89,VOLATILE,,,,,SGX / Straits Times Index,0.8008,False,-1,3,RED,True
2026-06-05,09:00,2026-06-05T03:30:00,-0.0857,1.726,-1.3762,,23416.55,,,,15.89,VOLATILE,,,,,SGX / Straits Times Index,-1.3762,False,-1,3,RED,True
2026-06-05,16:00,2026-06-05T10:30:00,-0.0857,1.726,-1.3762,23478.95,23366.7,23516.35,23282.65,-0.2129,15.79,VOLATILE,,,,,SGX / Straits Times Index,-1.3762,False,-1,3,RED,True
2026-06-08,09:00,2026-06-08T03:30:00,-4.18,-1.3482,-0.3467,,23366.7,,,,15.79,VOLATILE,,,,,SGX / Straits Times Index,-0.3467,False,-3,3,RED,True
2026-06-08,16:00,2026-06-08T10:30:00,-4.18,-1.3482,-0.3467,23080.7,23123.0,23267.3,23070.15,-1.0429,17.03,VOLATILE,,,,,SGX / Straits Times Index,-0.3467,False,-3,3,RED,True
2026-06-09,09:00,2026-06-09T03:30:00,0.8566,-0.1588,-1.7087,,23123.0,,,,17.03,VOLATILE,,,,,SGX / Straits Times Index,-1.7087,False,-1,3,RED,True
2026-06-09,16:00,2026-06-09T10:30:00,0.8566,-0.1588,-1.7087,23259.05,23242.1,23279.4,23104.45,0.5151,15.58,VOLATILE,,,,,SGX / Straits Times Index,-1.7087,False,-1,3,RED,True
2026-06-10,09:00,2026-06-10T03:30:00,-0.9674,0.1695,1.2003,,23242.1,,,,15.58,VOLATILE,,,,,SGX / Straits Times Index,1.2003,False,1,3,GREEN,True
2026-06-10,16:00,2026-06-10T10:30:00,-0.9674,0.1695,1.2003,23233.95,23214.95,23425.35,23184.6,-0.1168,15.63,VOLATILE,,,,,SGX / Straits Times Index,1.2003,False,1,3,GREEN,True
2026-06-11,09:00,2026-06-11T03:30:00,-1.9834,-1.874,-1.282,,23214.95,,,,15.63,VOLATILE,,,,,SGX / Straits Times Index,-1.282,False,-3,3,RED,True
2026-06-11,16:00,2026-06-11T10:30:00,-1.9834,-1.874,-1.282,23104.4,23161.6,23327.45,23072.05,-0.2298,15.61,VOLATILE,,,,,SGX / Straits Times Index,-1.282,False,-3,3,RED,True
2026-06-12,09:00,2026-06-12T03:30:00,2.5434,1.863,0.5899,,23161.6,,,,15.61,VOLATILE,,,,,SGX / Straits Times Index,0.5899,False,3,3,GREEN,True
2026-06-12,16:00,2026-06-12T10:30:00,2.5434,1.863,0.5899,23412.55,23622.9,23645.35,23313.9,1.9917,14.72,STABLE,,,,,SGX / Straits Times Index,0.5899,False,3,3,GREEN,True
2026-06-15,09:00,2026-06-15T03:30:00,0.3068,0.6952,0.7558,,23622.9,,,,14.72,STABLE,,,,,SGX / Straits Times Index,0.7558,False,3,3,GREEN,True
2026-06-15,16:00,2026-06-15T10:30:00,0.3068,0.6952,0.7558,23984.85,23853.9,24011.4,23817.8,0.9779,14.35,STABLE,,,,,SGX / Straits Times Index,0.7558,False,3,3,GREEN,True
2026-06-16,09:00,2026-06-16T03:30:00,3.0712,0.9155,1.0245,,23853.9,,,,14.35,STABLE,,,,,SGX / Straits Times Index,1.0245,False,3,3,GREEN,True
2026-06-16,16:00,2026-06-16T10:30:00,3.0712,0.9155,1.0245,23923.9,23989.15,24002.6,23888.2,0.567,13.36,STABLE,,,,,SGX / Straits Times Index,1.0245,False,3,3,GREEN,True
2026-06-17,09:00,2026-06-17T03:30:00,-1.1528,0.636,0.7793,,23989.15,,,,13.36,STABLE,,,,,SGX / Straits Times Index,0.7793,False,1,3,GREEN,True
2026-06-17,16:00,2026-06-17T10:30:00,-1.1528,0.636,0.7793,24044.5,24085.7,24108.2,23969.7,0.4025,13.19,STABLE,,,,,SGX / Straits Times Index,0.7793,False,1,3,GREEN,True
2026-06-18,09:00,2026-06-18T03:30:00,-1.3447,-0.9752,1.1648,,24085.7,,,,13.19,STABLE,,,,,SGX / Straits Times Index,1.1648,False,-1,3,RED,True
2026-06-18,16:00,2026-06-18T10:30:00,-1.3447,-0.9752,1.1648,24073.8,24168.0,24189.25,24036.95,0.3417,12.67,STABLE,,,,,SGX / Straits Times Index,1.1648,False,-1,3,RED,True
2026-06-19,09:00,2026-06-19T03:30:00,1.9071,0.1401,0.7028,,24168.0,,,,12.67,STABLE,,,,,SGX / Straits Times Index,0.7028,False,3,3,GREEN,True
2026-06-19,16:00,2026-06-19T10:30:00,1.9071,0.1401,0.7028,23991.2,24013.1,24047.2,23901.9,-0.6409,12.97,STABLE,,,,,SGX / Straits Times Index,0.7028,False,3,3,GREEN,True
2026-06-22,09:00,2026-06-22T03:30:00,1.9071,0.1401,-0.3863,,24013.1,,,,12.97,STABLE,,,,,SGX / Straits Times Index,-0.3863,False,1,3,GREEN,True
2026-06-22,16:00,2026-06-22T10:30:00,1.9071,0.1401,-0.3863,24106.6,24102.9,24168.05,24073.15,0.374,12.84,STABLE,,,,,SGX / Straits Times Index,-0.3863,False,1,3,GREEN,True
2026-06-23,09:00,2026-06-23T03:30:00,-1.3249,0.287,0.2178,,24102.9,,,,12.84,STABLE,,,,,SGX / Straits Times Index,0.2178,False,1,3,GREEN,True
2026-06-23,16:00,2026-06-23T10:30:00,-1.3249,0.287,0.2178,24071.3,23824.1,24135.5,23784.95,-1.1567,13.94,STABLE,,,,,SGX / Straits Times Index,0.2178,False,1,3,GREEN,True
2026-06-24,09:00,2026-06-24T03:30:00,-2.2149,-0.0887,0.0333,,23824.1,,,,13.94,STABLE,,,,,SGX / Straits Times Index,0.0333,False,-1,3,RED,True
2026-06-24,16:00,2026-06-24T10:30:00,-2.2149,-0.0887,0.0333,23795.8,24021.65,24090.05,23789.25,0.8292,13.39,STABLE,,,,,SGX / Straits Times Index,0.0333,False,-1,3,RED,True
2026-06-25,09:00,2026-06-25T03:30:00,-0.4315,0.3524,0.1969,,24021.65,,,,13.39,STABLE,,,,,SGX / Straits Times Index,0.1969,False,1,3,GREEN,True
2026-06-25,16:00,2026-06-25T10:30:00,-0.4315,0.3524,0.1969,24125.85,24056.0,24261.6,24039.0,0.143,13.05,STABLE,,,,,SGX / Straits Times Index,0.1969,False,1,3,GREEN,True
2026-06-29,09:00,2026-06-29T03:30:00,-0.2405,-0.0857,-0.5218,,24056.0,,,,13.05,STABLE,,,,,SGX / Straits Times Index,-0.5218,False,-3,3,RED,True
2026-06-29,16:00,2026-06-29T10:30:00,-0.2405,-0.0857,-0.5218,24061.75,23946.25,24120.0,23924.55,-0.4562,13.61,STABLE,,,,,SGX / Straits Times Index,-0.5218,False,-3,3,RED,True
2026-06-30,09:00,2026-06-30T03:30:00,2.0655,0.5911,0.3278,,23946.25,,,,13.61,STABLE,,,,,SGX / Straits Times Index,0.3278,False,3,3,GREEN,True
2026-06-30,16:00,2026-06-30T10:30:00,2.0655,0.5911,0.3278,24032.05,23865.75,24035.55,23829.2,-0.3362,13.6,STABLE,,,,,SGX / Straits Times Index,0.3278,False,3,3,GREEN,True
2026-07-01,09:00,2026-07-01T03:30:00,1.5243,0.2615,-0.7315,,23865.75,,,,13.6,STABLE,,,,,SGX / Straits Times Index,-0.7315,False,1,3,GREEN,True
2026-07-01,16:00,2026-07-01T10:30:00,1.5243,0.2615,-0.7315,23897.65,24005.85,24049.9,23895.1,0.587,13.24,STABLE,,,,,SGX / Straits Times Index,-0.7315,False,1,3,GREEN,True
2026-07-02,09:00,2026-07-02T03:30:00,-0.6626,-0.0267,-0.177,,24005.85,,,,13.24,STABLE,,,,,SGX / Straits Times Index,-0.177,False,-3,3,RED,True
2026-07-02,16:00,2026-07-02T10:30:00,-0.6626,-0.0267,-0.177,24062.2,24175.7,24194.55,24058.8,0.7075,12.29,STABLE,,,,,SGX / Straits Times Index,-0.177,False,-3,3,RED,True
2026-07-03,09:00,2026-07-03T03:30:00,-0.7963,1.1372,1.0782,,24175.7,,,,12.29,STABLE,,,,,SGX / Straits Times Index,1.0782,False,1,3,GREEN,True
2026-07-03,16:00,2026-07-03T10:30:00,-0.7963,1.1372,1.0782,24375.65,24270.85,24378.15,24252.35,0.3936,11.8,STABLE,,,,,SGX / Straits Times Index,1.0782,False,1,3,GREEN,True
2026-07-06,09:00,2026-07-06T03:30:00,-0.7963,1.1372,0.5202,,24270.85,,,,11.8,STABLE,,,,,SGX / Straits Times Index,0.5202,False,1,3,GREEN,True
2026-07-06,16:00,2026-07-06T10:30:00,-0.7963,1.1372,0.5202,24306.85,24430.35,24458.65,24287.1,0.6572,11.82,STABLE,,,,,SGX / Straits Times Index,0.5202,False,1,3,GREEN,True
2026-07-07,09:00,2026-07-07T03:30:00,1.1168,0.2946,0.2959,,24430.35,,,,11.82,STABLE,,,,,SGX / Straits Times Index,0.2959,False,3,3,GREEN,True
2026-07-07,16:00,2026-07-07T10:30:00,1.1168,0.2946,0.2959,24464.45,24398.7,24530.9,24348.95,-0.1296,11.65,STABLE,,,,,SGX / Straits Times Index,0.2959,False,3,3,GREEN,True
2026-07-08,09:00,2026-07-08T03:30:00,-1.158,-0.2465,1.5672,,24398.7,,,,11.65,STABLE,,,,,SGX / Straits Times Index,1.5672,False,-1,3,RED,True
2026-07-08,16:00,2026-07-08T10:30:00,-1.158,-0.2465,1.5672,24259.55,23882.05,24300.0,23805.2,-2.1175,14.68,STABLE,,,,,SGX / Straits Times Index,1.5672,False,-1,3,RED,True
2026-07-09,09:00,2026-07-09T03:30:00,0.2013,-1.0898,0.5116,,23882.05,,,,14.68,STABLE,,,,,SGX / Straits Times Index,0.5116,False,1,3,GREEN,True
2026-07-09,16:00,2026-07-09T10:30:00,0.2013,-1.0898,0.5116,23928.95,23962.8,24134.7,23925.7,0.3381,13.36,STABLE,,,,,SGX / Straits Times Index,0.5116,False,1,3,GREEN,True
2026-07-10,09:00,2026-07-10T03:30:00,1.2997,0.2656,1.1977,,23962.8,,,,13.36,STABLE,,,,,SGX / Straits Times Index,1.1977,False,3,3,GREEN,True
2026-07-10,16:00,2026-07-10T10:30:00,1.2997,0.2656,1.1977,24124.7,24206.9,24228.45,24120.35,1.0187,12.25,STABLE,,,,,SGX / Straits Times Index,1.1977,False,3,3,GREEN,True
2026-07-13,09:00,2026-07-13T03:30:00,0.2851,0.285,0.6517,,24206.9,,,,12.25,STABLE,,,,,SGX / Straits Times Index,0.6517,False,3,3,GREEN,True
2026-07-13,16:00,2026-07-13T10:30:00,0.2851,0.285,0.6517,24039.4,24211.0,24259.8,24000.2,0.0169,13.28,STABLE,,,,,SGX / Straits Times Index,0.6517,False,3,3,GREEN,True
2026-07-14,09:00,2026-07-14T03:30:00,-1.5541,-0.2629,0.0192,,24211.0,,,,13.28,STABLE,,,,,SGX / Straits Times Index,0.0192,False,-1,3,RED,True
2026-07-14,16:00,2026-07-14T10:30:00,-1.5541,-0.2629,0.0192,24068.0,24052.05,24157.1,24023.7,-0.6565,13.75,STABLE,,,,,SGX / Straits Times Index,0.0192,False,-1,3,RED,True
2026-07-15,09:00,2026-07-15T03:30:00,0.9038,0.0183,0.4619,,24052.05,,,,13.75,STABLE,,,,,SGX / Straits Times Index,0.4619,False,3,3,GREEN,True
2026-07-15,16:00,2026-07-15T10:30:00,0.9038,0.0183,0.4619,24085.85,24078.5,24220.35,24010.55,0.11,13.27,STABLE,,,,,SGX / Straits Times Index,0.4619,False,3,3,GREEN,True
2026-07-16,09:00,2026-07-16T03:30:00,0.6214,0.2864,1.1666,,24078.5,,,,13.27,STABLE,,,,,SGX / Straits Times Index,1.1666,False,3,3,GREEN,True
2026-07-16,16:00,2026-07-16T10:30:00,0.6214,0.2864,1.1666,24142.1,24072.75,24186.5,24050.0,-0.0239,12.88,STABLE,,,,,SGX / Straits Times Index,1.1666,False,3,3,GREEN,True
2026-07-17,09:00,2026-07-17T03:30:00,-1.4743,-0.2007,-0.3659,,24072.75,,,,12.88,STABLE,,,,,SGX / Straits Times Index,-0.3659,False,-3,3,RED,True
2026-07-17,16:00,2026-07-17T10:30:00,-1.4743,-0.2007,-0.3659,24127.6,24334.3,24367.3,24099.05,1.0865,13.15,STABLE,,,,,SGX / Straits Times Index,-0.3659,False,-3,3,RED,True
2026-07-20,09:00,2026-07-20T03:30:00,-1.3975,-0.7736,-0.5407,,24334.3,,,,13.15,STABLE,,,,,SGX / Straits Times Index,-0.5407,False,-3,3,RED,True
2026-07-20,16:00,2026-07-20T10:30:00,-1.3975,-0.7736,-0.5407,24190.05,24238.5,24266.1,24135.85,-0.3937,12.98,STABLE,,,,,SGX / Straits Times Index,-0.5407,False,-3,3,RED,True
2026-07-21,09:00,2026-07-21T03:30:00,-0.0477,-0.589,-0.1902,,24238.5,,,,12.98,STABLE,,,,,SGX / Straits Times Index,-0.1902,False,-3,3,RED,True
2026-07-21,16:00,2026-07-21T10:30:00,-0.0477,-0.589,-0.1902,24216.05,24187.7,24262.2,24135.65,-0.2096,12.6,STABLE,,,,,SGX / Straits Times Index,-0.1902,False,-3,3,RED,True
2026-07-22,09:00,2026-07-22T03:30:00,1.2903,0.7434,0.505,,24187.7,,,,12.6,STABLE,,,,,SGX / Straits Times Index,0.505,False,3,3,GREEN,True
2026-07-22,16:00,2026-07-22T10:30:00,1.2903,0.7434,0.505,24150.45,23996.25,24166.3,23961.4,-0.7915,13.29,STABLE,,,,,SGX / Straits Times Index,0.505,False,3,3,GREEN,True
2026-07-23,09:00,2026-07-23T03:30:00,-0.5663,-0.0116,1.243,,23996.25,,,,13.29,STABLE,,,,,SGX / Straits Times Index,1.243,False,-1,3,RED,True
2026-07-23,16:00,2026-07-23T10:30:00,-0.5663,-0.0116,1.243,23904.8,23869.6,23990.75,23807.2,-0.5278,13.48,STABLE,,,,,SGX / Straits Times Index,1.243,False,-1,3,RED,True
2026-07-24,09:00,2026-07-24T03:30:00,-2.1533,-0.9708,-0.2441,,23869.6,,,,13.48,STABLE,,,,,SGX / Straits Times Index,-0.2441,False,-3,3,RED,True
2026-07-24,16:00,2026-07-24T10:30:00,-2.1533,-0.9708,-0.2441,23666.35,23767.45,23823.6,23606.3,-0.428,14.03,STABLE,,,,,SGX / Straits Times Index,-0.2441,False,-3,3,RED,True
2026-07-27,09:00,2026-07-27T03:30:00,-0.6439,0.4556,0.1179,,23767.45,,,,14.03,STABLE,,,,,SGX / Straits Times Index,0.1179,False,1,3,GREEN,True
2026-07-27,16:00,2026-07-27T10:30:00,-0.6439,0.4556,0.1179,23928.4,23995.95,24011.6,23891.55,0.9614,12.66,STABLE,,,,,SGX / Straits Times Index,0.1179,False,1,3,GREEN,True
2026-07-28,09:00,2026-07-28T03:30:00,-0.1751,0.506,0.5708,,23995.95,,,,12.66,STABLE,,,,,SGX / Straits Times Index,0.5708,False,1,3,GREEN,True
2026-07-28,16:00,2026-07-28T10:30:00,-0.1751,0.506,0.5708,23971.25,23985.35,24041.15,23954.6,-0.0442,12.56,STABLE,,,,,SGX / Straits Times Index,0.5708,False,1,3,GREEN,True
2026-07-29,09:00,2026-07-29T03:30:00,-0.2213,1.029,-0.0735,,23985.35,,,,12.56,STABLE,,,,,SGX / Straits Times Index,-0.0735,False,-1,3,RED,True
2026-07-29,16:00,2026-07-29T10:30:00,-0.2213,1.029,-0.0735,24176.65,24250.2,24283.55,24136.75,1.1042,12.01,STABLE,,,,,SGX / Straits Times Index,-0.0735,False,-1,3,RED,True
2026-07-30,09:00,2026-07-30T03:30:00,-1.7445,-2.1862,1.7286,,24250.2,,,,12.01,STABLE,,,,,SGX / Straits Times Index,1.7286,False,-1,3,RED,True
2026-07-30,16:00,2026-07-30T10:30:00,-1.7445,-2.1862,1.7286,24249.55,24317.15,24342.95,24187.1,0.2761,12.16,STABLE,,,,,SGX / Straits Times Index,1.7286,False,-1,3,RED,True
2026-07-31,09:00,2026-07-31T03:30:00,2.7789,1.1899,-0.6933,,24317.15,,,,12.16,STABLE,,,,,SGX / Straits Times Index,-0.6933,False,1,3,GREEN,True
2026-07-31,16:00,2026-07-31T10:30:00,2.7789,1.1899,-0.6933,24361.45,24383.6,24429.4,24299.7,0.2733,11.76,STABLE,,,,,SGX / Straits Times Index,-0.6933,False,1,3,GREEN,True
2026-08-03,09:00,2026-08-03T03:30:00,1.0018,0.5305,-0.7946,,24383.6,,,,11.76,STABLE,,,,,SGX / Straits Times Index,-0.7946,False,1,3,GREEN,True
2026-08-03,16:00,2026-08-03T10:30:00,1.0018,0.5305,-0.7946,24572.7,24774.3,24774.3,24515.15,1.6023,11.93,STABLE,,,,,SGX / Straits Times Index,-0.7946,False,1,3,GREEN,True
2026-08-04,09:00,2026-08-04T03:30:00,2.1284,1.3211,-0.2882,,24774.3,,,,11.93,STABLE,,,,,SGX / Straits Times Index,-0.2882,False,1,3,GREEN,True
2026-08-04,16:00,2026-08-04T10:30:00,2.1284,1.3211,-0.2882,24703.9,24614.9,24703.9,24427.95,-0.6434,12.19,STABLE,,,,,SGX / Straits Times Index,-0.2882,False,1,3,GREEN,True
2026-08-05,09:00,2026-08-05T03:30:00,2.5897,1.7065,-0.0005,,24614.9,,,,12.19,STABLE,,,,,SGX / Straits Times Index,-0.0005,False,1,3,GREEN,True
2026-08-05,16:00,2026-08-05T10:30:00,2.5897,1.7065,-0.0005,24669.2,24624.65,24677.6,24497.95,0.0396,12.06,STABLE,,,,,SGX / Straits Times Index,-0.0005,False,1,3,GREEN,True
2026-08-06,09:00,2026-08-06T03:30:00,-0.8334,0.4867,-0.5502,,24624.65,,,,12.06,STABLE,,,,,SGX / Straits Times Index,-0.5502,False,-1,3,RED,True
2026-08-06,16:00,2026-08-06T10:30:00,-0.8334,0.4867,-0.5502,24641.0,24636.0,24677.05,24604.15,0.0461,12.16,STABLE,,,,,SGX / Straits Times Index,-0.5502,False,-1,3,RED,True
2026-08-07,09:00,2026-08-07T03:30:00,-0.0572,-0.8538,1.0324,,24636.0,,,,12.16,STABLE,,,,,SGX / Straits Times Index,1.0324,False,-1,3,RED,True
2026-08-07,16:00,2026-08-07T10:30:00,-0.0572,-0.8538,1.0324,24538.9,24570.65,24630.4,24522.75,-0.2653,12.16,STABLE,,,,,SGX / Straits Times Index,1.0324,False,-1,3,RED,True
2026-08-10,09:00,2026-08-10T03:30:00,1.299,0.2818,1.0541,,24570.65,,,,12.16,STABLE,,,,,SGX / Straits Times Index,1.0541,False,3,3,GREEN,True
2026-08-10,16:00,2026-08-10T10:30:00,1.299,0.2818,1.0541,24581.25,24583.8,24620.95,24511.1,0.0535,12.25,STABLE,,,,,SGX / Straits Times Index,1.0541,False,3,3,GREEN,True
2026-08-11,09:00,2026-08-11T03:30:00,-0.3194,-0.1128,1.0541,,24583.8,,,,12.25,STABLE,,,,,SGX / Straits Times Index,1.0541,False,-1,3,RED,True
2026-08-11,16:00,2026-08-11T10:30:00,-0.3194,-0.1128,1.0541,24575.1,24471.7,24576.85,24429.25,-0.456,11.86,STABLE,,,,,SGX / Straits Times Index,1.0541,False,-1,3,RED,True
2026-08-12,09:00,2026-08-12T03:30:00,-0.601,-0.3411,0.9782,,24471.7,,,,11.86,STABLE,,,,,SGX / Straits Times Index,0.9782,False,-1,3,RED,True
2026-08-12,16:00,2026-08-12T10:30:00,-0.601,-0.3411,0.9782,24472.45,24435.95,24473.3,24265.95,-0.1461,11.69,STABLE,,,,,SGX / Straits Times Index,0.9782,False,-1,3,RED,True
2026-08-13,09:00,2026-08-13T03:30:00,0.5409,-0.0401,-0.5808,,24435.95,,,,11.69,STABLE,,,,,SGX / Straits Times Index,-0.5808,False,-1,3,RED,True
2026-08-13,16:00,2026-08-13T10:30:00,0.5409,-0.0401,-0.5808,24431.6,24395.85,24431.6,24311.4,-0.1641,11.42,STABLE,,,,,SGX / Straits Times Index,-0.5808,False,-1,3,RED,True
2026-08-14,09:00,2026-08-14T03:30:00,0.8069,0.1297,-0.0122,,24395.85,,,,11.42,STABLE,,,,,SGX / Straits Times Index,-0.0122,False,1,3,GREEN,True
2026-08-14,16:00,2026-08-14T10:30:00,0.8069,0.1297,-0.0122,24361.9,24366.0,24405.2,24296.8,-0.1224,11.31,STABLE,,,,,SGX / Straits Times Index,-0.0122,False,1,3,GREEN,True
2026-08-17,09:00,2026-08-17T03:30:00,-0.2756,-0.1998,0.4115,,24366.0,,,,11.31,STABLE,,,,,SGX / Straits Times Index,0.4115,False,-1,3,RED,True
2026-08-17,16:00,2026-08-17T10:30:00,-0.2756,-0.1998,0.4115,24343.45,24287.65,24360.1,24226.95,-0.3216,11.33,STABLE,,,,,SGX / Straits Times Index,0.4115,False,-1,3,RED,True
2026-08-18,09:00,2026-08-18T03:30:00,-0.3152,-0.5074,0.433,,24287.65,,,,11.33,STABLE,,,,,SGX / Straits Times Index,0.433,False,-1,3,RED,True
2026-08-18,16:00,2026-08-18T10:30:00,-0.3152,-0.5074,0.433,24223.85,24154.9,24269.65,24154.9,-0.5466,11.39,STABLE,,,,,SGX / Straits Times Index,0.433,False,-1,3,RED,True
2026-08-19,09:00,2026-08-19T03:30:00,-1.3331,-0.2177,-1.1625,,24154.9,,,,11.39,STABLE,,,,,SGX / Straits Times Index,-1.1625,False,-3,3,RED,True
2026-08-19,16:00,2026-08-19T10:30:00,-1.3331,-0.2177,-1.1625,24152.05,24078.3,24172.85,24025.65,-0.3171,11.32,STABLE,,,,,SGX / Straits Times Index,-1.1625,False,-3,3,RED,True
2026-08-20,09:00,2026-08-20T03:30:00,0.1574,0.2243,-0.1256,,24078.3,,,,11.32,STABLE,,,,,SGX / Straits Times Index,-0.1256,False,1,3,GREEN,True
2026-08-20,16:00,2026-08-20T10:30:00,0.1574,0.2243,-0.1256,24225.45,24231.85,24265.15,24184.55,0.6377,10.76,STABLE,,,,,SGX / Straits Times Index,-0.1256,False,1,3,GREEN,True
2026-08-21,09:00,2026-08-21T03:30:00,-1.0023,-1.3165,-0.3922,,24231.85,,,,10.76,STABLE,,,,,SGX / Straits Times Index,-0.3922,False,-3,3,RED,True
2026-08-21,16:00,2026-08-21T10:30:00,-1.0023,-1.3165,-0.3922,24284.05,24252.0,24284.05,24206.8,0.0832,11.19,STABLE,,,,,SGX / Straits Times Index,-0.3922,False,-3,3,RED,True
2026-07-22,09:30,2026-07-22T03:45:00,1.2903,0.7434,0.505,24146.9,24033.45,24164.65,24008.9,-0.4698,12.6,STABLE,,,,,SGX / Straits Times Index,0.505,False,3,3,GREEN,True
2026-07-22,10:30,2026-07-22T04:45:00,1.2903,0.7434,0.505,24146.9,24013.7,24164.65,23973.85,-0.5516,12.6,STABLE,,,,,SGX / Straits Times Index,0.505,False,3,3,GREEN,True
2026-07-22,11:30,2026-07-22T05:45:00,1.2903,0.7434,0.505,24146.9,23996.25,24164.65,23973.85,-0.6239,12.6,STABLE,,,,,SGX / Straits Times Index,0.505,False,3,3,GREEN,True
2026-07-22,12:30,2026-07-22T06:45:00,1.2903,0.7434,0.505,24146.9,23978.85,24164.65,23961.6,-0.6959,12.6,STABLE,,,,,SGX / Straits Times Index,0.505,False,3,3,GREEN,True
2026-07-22,13:30,2026-07-22T07:45:00,1.2903,0.7434,0.505,24146.9,23973.35,24164.65,23961.6,-0.7187,12.6,STABLE,,,,,SGX / Straits Times Index,0.505,False,3,3,GREEN,True
2026-07-22,14:30,2026-07-22T08:45:00,1.2903,0.7434,0.505,24146.9,24021.15,24164.65,23961.6,-0.5208,12.6,STABLE,,,,,SGX / Straits Times Index,0.505,False,3,3,GREEN,True
2026-07-22,15:30,2026-07-22T09:45:00,1.2903,0.7434,0.505,24146.9,23991.05,24164.65,23961.6,-0.6454,12.6,STABLE,,,,,SGX / Straits Times Index,0.505,False,3,3,GREEN,True
2026-07-23,09:30,2026-07-23T03:45:00,-0.5663,-0.0116,1.243,23904.8,23958.25,23969.75,23876.75,0.2236,13.29,STABLE,,,,,SGX / Straits Times Index,1.243,False,-1,3,RED,True
2026-07-23,10:30,2026-07-23T04:45:00,-0.5663,-0.0116,1.243,23904.8,23972.4,23990.7,23876.75,0.2828,13.29,STABLE,,,,,SGX / Straits Times Index,1.243,False,-1,3,RED,True
2026-07-23,11:30,2026-07-23T05:45:00,-0.5663,-0.0116,1.243,23904.8,23934.1,23990.7,23876.75,0.1226,13.29,STABLE,,,,,SGX / Straits Times Index,1.243,False,-1,3,RED,True
2026-07-23,12:30,2026-07-23T06:45:00,-0.5663,-0.0116,1.243,23904.8,23832.0,23990.7,23826.75,-0.3045,13.29,STABLE,,,,,SGX / Straits Times Index,1.243,False,-1,3,RED,True
2026-07-23,13:30,2026-07-23T07:45:00,-0.5663,-0.0116,1.243,23904.8,23850.95,23990.7,23812.0,-0.2253,13.29,STABLE,,,,,SGX / Straits Times Index,1.243,False,-1,3,RED,True
2026-07-23,14:30,2026-07-23T08:45:00,-0.5663,-0.0116,1.243,23904.8,23872.4,23990.7,23807.35,-0.1355,13.29,STABLE,,,,,SGX / Straits Times Index,1.243,False,-1,3,RED,True
2026-07-23,15:30,2026-07-23T09:45:00,-0.5663,-0.0116,1.243,23904.8,23872.2,23990.7,23807.35,-0.1364,13.29,STABLE,,,,,SGX / Straits Times Index,1.243,False,-1,3,RED,True
2026-07-24,09:30,2026-07-24T03:45:00,-2.1533,-0.9708,-0.2441,23674.4,23608.7,23762.75,23607.6,-0.2775,13.48,STABLE,,,,,SGX / Straits Times Index,-0.2441,False,-3,3,RED,True
2026-07-24,10:30,2026-07-24T04:45:00,-2.1533,-0.9708,-0.2441,23674.4,23624.25,23762.75,23606.45,-0.2118,13.48,STABLE,,,,,SGX / Straits Times Index,-0.2441,False,-3,3,RED,True
2026-07-24,11:30,2026-07-24T05:45:00,-2.1533,-0.9708,-0.2441,23674.4,23702.85,23762.75,23606.45,0.1202,13.48,STABLE,,,,,SGX / Straits Times Index,-0.2441,False,-3,3,RED,True
2026-07-24,12:30,2026-07-24T06:45:00,-2.1533,-0.9708,-0.2441,23674.4,23783.85,23808.55,23606.45,0.4623,13.48,STABLE,,,,,SGX / Straits Times Index,-0.2441,False,-3,3,RED,True
2026-07-24,13:30,2026-07-24T07:45:00,-2.1533,-0.9708,-0.2441,23674.4,23797.4,23823.6,23606.45,0.5195,13.48,STABLE,,,,,SGX / Straits Times Index,-0.2441,False,-3,3,RED,True
2026-07-24,14:30,2026-07-24T08:45:00,-2.1533,-0.9708,-0.2441,23674.4,23771.9,23823.6,23606.45,0.4118,13.48,STABLE,,,,,SGX / Straits Times Index,-0.2441,False,-3,3,RED,True
2026-07-24,15:30,2026-07-24T09:45:00,-2.1533,-0.9708,-0.2441,23674.4,23787.0,23823.6,23606.45,0.4756,13.48,STABLE,,,,,SGX / Straits Times Index,-0.2441,False,-3,3,RED,True
2026-07-27,09:30,2026-07-27T03:45:00,-0.6439,0.4556,0.1179,23929.5,23933.3,23963.2,23897.2,0.0159,14.03,STABLE,,,,,SGX / Straits Times Index,0.1179,False,1,3,GREEN,True
2026-07-27,10:30,2026-07-27T04:45:00,-0.6439,0.4556,0.1179,23929.5,23924.75,23963.2,23891.7,-0.0198,14.03,STABLE,,,,,SGX / Straits Times Index,0.1179,False,1,3,GREEN,True
2026-07-27,11:30,2026-07-27T05:45:00,-0.6439,0.4556,0.1179,23929.5,23956.2,23972.8,23891.7,0.1116,14.03,STABLE,,,,,SGX / Straits Times Index,0.1179,False,1,3,GREEN,True
2026-07-27,12:30,2026-07-27T06:45:00,-0.6439,0.4556,0.1179,23929.5,23970.1,23972.8,23891.7,0.1697,14.03,STABLE,,,,,SGX / Straits Times Index,0.1179,False,1,3,GREEN,True
2026-07-27,13:30,2026-07-27T07:45:00,-0.6439,0.4556,0.1179,23929.5,23995.9,23998.3,23891.7,0.2775,14.03,STABLE,,,,,SGX / Straits Times Index,0.1179,False,1,3,GREEN,True
2026-07-27,14:30,2026-07-27T08:45:00,-0.6439,0.4556,0.1179,23929.5,23987.15,24011.1,23891.7,0.2409,14.03,STABLE,,,,,SGX / Straits Times Index,0.1179,False,1,3,GREEN,True
2026-07-27,15:30,2026-07-27T09:45:00,-0.6439,0.4556,0.1179,23929.5,24003.65,24011.1,23891.7,0.3099,14.03,STABLE,,,,,SGX / Straits Times Index,0.1179,False,1,3,GREEN,True
2026-07-28,09:30,2026-07-28T03:45:00,-0.1751,0.506,0.5708,23971.25,23986.25,24039.85,23962.15,0.0626,12.66,STABLE,,,,,SGX / Straits Times Index,0.5708,False,1,3,GREEN,True
2026-07-28,10:30,2026-07-28T04:45:00,-0.1751,0.506,0.5708,23971.25,24014.6,24041.0,23962.15,0.1808,12.66,STABLE,,,,,SGX / Straits Times Index,0.5708,False,1,3,GREEN,True
2026-07-28,11:30,2026-07-28T05:45:00,-0.1751,0.506,0.5708,23971.25,24026.5,24041.0,23962.15,0.2305,12.66,STABLE,,,,,SGX / Straits Times Index,0.5708,False,1,3,GREEN,True
2026-07-28,12:30,2026-07-28T06:45:00,-0.1751,0.506,0.5708,23971.25,23983.1,24041.0,23962.15,0.0494,12.66,STABLE,,,,,SGX / Straits Times Index,0.5708,False,1,3,GREEN,True
2026-07-28,13:30,2026-07-28T07:45:00,-0.1751,0.506,0.5708,23971.25,23993.7,24041.0,23962.15,0.0937,12.66,STABLE,,,,,SGX / Straits Times Index,0.5708,False,1,3,GREEN,True
2026-07-28,14:30,2026-07-28T08:45:00,-0.1751,0.506,0.5708,23971.25,23969.4,24041.0,23954.7,-0.0077,12.66,STABLE,,,,,SGX / Straits Times Index,0.5708,False,1,3,GREEN,True
2026-07-28,15:30,2026-07-28T09:45:00,-0.1751,0.506,0.5708,23971.25,23983.95,24041.0,23954.7,0.053,12.66,STABLE,,,,,SGX / Straits Times Index,0.5708,False,1,3,GREEN,True
2026-07-29,09:30,2026-07-29T03:45:00,-0.2213,1.029,-0.0735,24188.05,24221.3,24223.75,24141.75,0.1375,12.56,STABLE,,,,,SGX / Straits Times Index,-0.0735,False,-1,3,RED,True
2026-07-29,10:30,2026-07-29T04:45:00,-0.2213,1.029,-0.0735,24188.05,24233.7,24243.85,24141.75,0.1887,12.56,STABLE,,,,,SGX / Straits Times Index,-0.0735,False,-1,3,RED,True
2026-07-29,11:30,2026-07-29T05:45:00,-0.2213,1.029,-0.0735,24188.05,24238.45,24247.45,24141.75,0.2084,12.56,STABLE,,,,,SGX / Straits Times Index,-0.0735,False,-1,3,RED,True
2026-07-29,12:30,2026-07-29T06:45:00,-0.2213,1.029,-0.0735,24188.05,24257.55,24261.35,24141.75,0.2873,12.56,STABLE,,,,,SGX / Straits Times Index,-0.0735,False,-1,3,RED,True
2026-07-29,13:30,2026-07-29T07:45:00,-0.2213,1.029,-0.0735,24188.05,24263.8,24271.7,24141.75,0.3132,12.56,STABLE,,,,,SGX / Straits Times Index,-0.0735,False,-1,3,RED,True
2026-07-29,14:30,2026-07-29T08:45:00,-0.2213,1.029,-0.0735,24188.05,24252.0,24283.0,24141.75,0.2644,12.56,STABLE,,,,,SGX / Straits Times Index,-0.0735,False,-1,3,RED,True
2026-07-29,15:30,2026-07-29T09:45:00,-0.2213,1.029,-0.0735,24188.05,24242.0,24283.0,24141.75,0.223,12.56,STABLE,,,,,SGX / Straits Times Index,-0.0735,False,-1,3,RED,True
2026-07-30,09:30,2026-07-30T03:45:00,-1.7445,-2.1862,1.7286,24250.4,24243.5,24287.25,24190.0,-0.0285,12.01,STABLE,,,,,SGX / Straits Times Index,1.7286,False,-1,3,RED,True
2026-07-30,10:30,2026-07-30T04:45:00,-1.7445,-2.1862,1.7286,24250.4,24265.05,24287.25,24190.0,0.0604,12.01,STABLE,,,,,SGX / Straits Times Index,1.7286,False,-1,3,RED,True
2026-07-30,11:30,2026-07-30T05:45:00,-1.7445,-2.1862,1.7286,24250.4,24254.1,24287.25,24190.0,0.0153,12.01,STABLE,,,,,SGX / Straits Times Index,1.7286,False,-1,3,RED,True
2026-07-30,12:30,2026-07-30T06:45:00,-1.7445,-2.1862,1.7286,24250.4,24264.0,24331.05,24190.0,0.0561,12.01,STABLE,,,,,SGX / Straits Times Index,1.7286,False,-1,3,RED,True
2026-07-30,13:30,2026-07-30T07:45:00,-1.7445,-2.1862,1.7286,24250.4,24255.7,24331.05,24190.0,0.0219,12.01,STABLE,,,,,SGX / Straits Times Index,1.7286,False,-1,3,RED,True
2026-07-30,14:30,2026-07-30T08:45:00,-1.7445,-2.1862,1.7286,24250.4,24318.25,24331.05,24190.0,0.2798,12.01,STABLE,,,,,SGX / Straits Times Index,1.7286,False,-1,3,RED,True
2026-07-30,15:30,2026-07-30T09:45:00,-1.7445,-2.1862,1.7286,24250.4,24296.6,24342.95,24190.0,0.1905,12.01,STABLE,,,,,SGX / Straits Times Index,1.7286,False,-1,3,RED,True
2026-07-31,09:30,2026-07-31T03:45:00,2.7789,1.1899,-0.6933,24359.8,24346.05,24377.55,24299.7,-0.0564,12.16,STABLE,,,,,SGX / Straits Times Index,-0.6933,False,1,3,GREEN,True
2026-07-31,10:30,2026-07-31T04:45:00,2.7789,1.1899,-0.6933,24359.8,24357.75,24377.55,24299.7,-0.0084,12.16,STABLE,,,,,SGX / Straits Times Index,-0.6933,False,1,3,GREEN,True
2026-07-31,11:30,2026-07-31T05:45:00,2.7789,1.1899,-0.6933,24359.8,24382.1,24382.5,24299.7,0.0915,12.16,STABLE,,,,,SGX / Straits Times Index,-0.6933,False,1,3,GREEN,True
2026-07-31,12:30,2026-07-31T06:45:00,2.7789,1.1899,-0.6933,24359.8,24414.8,24427.85,24299.7,0.2258,12.16,STABLE,,,,,SGX / Straits Times Index,-0.6933,False,1,3,GREEN,True
2026-07-31,13:30,2026-07-31T07:45:00,2.7789,1.1899,-0.6933,24359.8,24402.65,24429.4,24299.7,0.1759,12.16,STABLE,,,,,SGX / Straits Times Index,-0.6933,False,1,3,GREEN,True
2026-07-31,14:30,2026-07-31T08:45:00,2.7789,1.1899,-0.6933,24359.8,24390.2,24429.4,24299.7,0.1248,12.16,STABLE,,,,,SGX / Straits Times Index,-0.6933,False,1,3,GREEN,True
2026-07-31,15:30,2026-07-31T09:45:00,2.7789,1.1899,-0.6933,24359.8,24366.7,24429.4,24299.7,0.0283,12.16,STABLE,,,,,SGX / Straits Times Index,-0.6933,False,1,3,GREEN,True
2026-08-03,09:30,2026-08-03T03:45:00,1.0018,0.5305,-0.7946,24568.0,24579.2,24581.7,24515.5,0.0456,11.76,STABLE,,,,,SGX / Straits Times Index,-0.7946,False,1,3,GREEN,True
2026-08-03,10:30,2026-08-03T04:45:00,1.0018,0.5305,-0.7946,24568.0,24589.45,24602.4,24515.5,0.0873,11.76,STABLE,,,,,SGX / Straits Times Index,-0.7946,False,1,3,GREEN,True
2026-08-03,11:30,2026-08-03T05:45:00,1.0018,0.5305,-0.7946,24568.0,24601.3,24605.5,24515.5,0.1355,11.76,STABLE,,,,,SGX / Straits Times Index,-0.7946,False,1,3,GREEN,True
2026-08-03,12:30,2026-08-03T06:45:00,1.0018,0.5305,-0.7946,24568.0,24577.7,24609.45,24515.5,0.0395,11.76,STABLE,,,,,SGX / Straits Times Index,-0.7946,False,1,3,GREEN,True
2026-08-03,13:30,2026-08-03T07:45:00,1.0018,0.5305,-0.7946,24568.0,24593.5,24609.45,24515.5,0.1038,11.76,STABLE,,,,,SGX / Straits Times Index,-0.7946,False,1,3,GREEN,True
2026-08-03,14:30,2026-08-03T08:45:00,1.0018,0.5305,-0.7946,24568.0,24573.55,24609.45,24515.5,0.0226,11.76,STABLE,,,,,SGX / Straits Times Index,-0.7946,False,1,3,GREEN,True
2026-08-03,15:30,2026-08-03T09:45:00,1.0018,0.5305,-0.7946,24568.0,24774.3,24774.3,24515.5,0.8397,11.76,STABLE,,,,,SGX / Straits Times Index,-0.7946,False,1,3,GREEN,True
2026-08-04,09:30,2026-08-04T03:45:00,2.1284,1.3211,-0.2882,24666.65,24615.5,24666.65,24589.8,-0.2074,11.93,STABLE,,,,,SGX / Straits Times Index,-0.2882,False,1,3,GREEN,True
2026-08-04,10:30,2026-08-04T04:45:00,2.1284,1.3211,-0.2882,24666.65,24590.9,24666.65,24569.05,-0.3071,11.93,STABLE,,,,,SGX / Straits Times Index,-0.2882,False,1,3,GREEN,True
2026-08-04,11:30,2026-08-04T05:45:00,2.1284,1.3211,-0.2882,24666.65,24511.3,24666.65,24496.95,-0.6298,11.93,STABLE,,,,,SGX / Straits Times Index,-0.2882,False,1,3,GREEN,True
2026-08-04,12:30,2026-08-04T06:45:00,2.1284,1.3211,-0.2882,24666.65,24479.6,24666.65,24477.35,-0.7583,11.93,STABLE,,,,,SGX / Straits Times Index,-0.2882,False,1,3,GREEN,True
2026-08-04,13:30,2026-08-04T07:45:00,2.1284,1.3211,-0.2882,24666.65,24462.35,24666.65,24428.2,-0.8282,11.93,STABLE,,,,,SGX / Straits Times Index,-0.2882,False,1,3,GREEN,True
2026-08-04,14:30,2026-08-04T08:45:00,2.1284,1.3211,-0.2882,24666.65,24462.95,24666.65,24428.2,-0.8258,11.93,STABLE,,,,,SGX / Straits Times Index,-0.2882,False,1,3,GREEN,True
2026-08-04,15:30,2026-08-04T09:45:00,2.1284,1.3211,-0.2882,24666.65,24614.9,24666.65,24428.2,-0.2098,11.93,STABLE,,,,,SGX / Straits Times Index,-0.2882,False,1,3,GREEN,True
2026-08-05,09:30,2026-08-05T03:45:00,2.5897,1.7065,-0.0005,24669.2,24620.9,24669.2,24581.7,-0.1958,12.19,STABLE,,,,,SGX / Straits Times Index,-0.0005,False,1,3,GREEN,True
2026-08-05,10:30,2026-08-05T04:45:00,2.5897,1.7065,-0.0005,24669.2,24631.4,24669.2,24562.4,-0.1532,12.19,STABLE,,,,,SGX / Straits Times Index,-0.0005,False,1,3,GREEN,True
2026-08-05,11:30,2026-08-05T05:45:00,2.5897,1.7065,-0.0005,24669.2,24573.6,24669.2,24561.75,-0.3875,12.19,STABLE,,,,,SGX / Straits Times Index,-0.0005,False,1,3,GREEN,True
2026-08-05,12:30,2026-08-05T06:45:00,2.5897,1.7065,-0.0005,24669.2,24535.05,24669.2,24508.45,-0.5438,12.19,STABLE,,,,,SGX / Straits Times Index,-0.0005,False,1,3,GREEN,True
2026-08-05,13:30,2026-08-05T07:45:00,2.5897,1.7065,-0.0005,24669.2,24513.65,24669.2,24498.7,-0.6305,12.19,STABLE,,,,,SGX / Straits Times Index,-0.0005,False,1,3,GREEN,True
2026-08-05,14:30,2026-08-05T08:45:00,2.5897,1.7065,-0.0005,24669.2,24572.25,24669.2,24498.25,-0.393,12.19,STABLE,,,,,SGX / Straits Times Index,-0.0005,False,1,3,GREEN,True
2026-08-05,15:30,2026-08-05T09:45:00,2.5897,1.7065,-0.0005,24669.2,24624.65,24669.2,24498.25,-0.1806,12.19,STABLE,,,,,SGX / Straits Times Index,-0.0005,False,1,3,GREEN,True
2026-08-06,09:30,2026-08-06T03:45:00,-0.8334,0.4867,-0.5502,24632.7,24630.85,24664.95,24605.95,-0.0075,12.06,STABLE,,,,,SGX / Straits Times Index,-0.5502,False,-1,3,RED,True
2026-08-06,10:30,2026-08-06T04:45:00,-0.8334,0.4867,-0.5502,24632.7,24652.45,24664.95,24605.95,0.0802,12.06,STABLE,,,,,SGX / Straits Times Index,-0.5502,False,-1,3,RED,True
2026-08-06,11:30,2026-08-06T05:45:00,-0.8334,0.4867,-0.5502,24632.7,24643.15,24676.8,24605.95,0.0424,12.06,STABLE,,,,,SGX / Straits Times Index,-0.5502,False,-1,3,RED,True
2026-08-06,12:30,2026-08-06T06:45:00,-0.8334,0.4867,-0.5502,24632.7,24622.2,24676.8,24605.95,-0.0426,12.06,STABLE,,,,,SGX / Straits Times Index,-0.5502,False,-1,3,RED,True
2026-08-06,13:30,2026-08-06T07:45:00,-0.8334,0.4867,-0.5502,24632.7,24651.1,24676.8,24605.95,0.0747,12.06,STABLE,,,,,SGX / Straits Times Index,-0.5502,False,-1,3,RED,True
2026-08-06,14:30,2026-08-06T08:45:00,-0.8334,0.4867,-0.5502,24632.7,24628.5,24676.8,24605.95,-0.0171,12.06,STABLE,,,,,SGX / Straits Times Index,-0.5502,False,-1,3,RED,True
2026-08-06,15:30,2026-08-06T09:45:00,-0.8334,0.4867,-0.5502,24632.7,24636.0,24676.8,24605.95,0.0134,12.06,STABLE,,,,,SGX / Straits Times Index,-0.5502,False,-1,3,RED,True
2026-08-07,09:30,2026-08-07T03:45:00,-0.0572,-0.8538,1.0324,24535.05,24599.7,24629.8,24535.05,0.2635,12.16,STABLE,,,,,SGX / Straits Times Index,1.0324,False,-1,3,RED,True
2026-08-07,10:30,2026-08-07T04:45:00,-0.0572,-0.8538,1.0324,24535.05,24567.6,24629.8,24535.05,0.1327,12.16,STABLE,,,,,SGX / Straits Times Index,1.0324,False,-1,3,RED,True
2026-08-07,11:30,2026-08-07T05:45:00,-0.0572,-0.8538,1.0324,24535.05,24540.7,24629.8,24535.05,0.023,12.16,STABLE,,,,,SGX / Straits Times Index,1.0324,False,-1,3,RED,True
2026-08-07,12:30,2026-08-07T06:45:00,-0.0572,-0.8538,1.0324,24535.05,24547.0,24629.8,24532.9,0.0487,12.16,STABLE,,,,,SGX / Straits Times Index,1.0324,False,-1,3,RED,True
2026-08-07,13:30,2026-08-07T07:45:00,-0.0572,-0.8538,1.0324,24535.05,24526.85,24629.8,24522.9,-0.0334,12.16,STABLE,,,,,SGX / Straits Times Index,1.0324,False,-1,3,RED,True
2026-08-07,14:30,2026-08-07T08:45:00,-0.0572,-0.8538,1.0324,24535.05,24558.95,24629.8,24522.9,0.0974,12.16,STABLE,,,,,SGX / Straits Times Index,1.0324,False,-1,3,RED,True
2026-08-07,15:30,2026-08-07T09:45:00,-0.0572,-0.8538,1.0324,24535.05,24570.65,24629.8,24522.9,0.1451,12.16,STABLE,,,,,SGX / Straits Times Index,1.0324,False,-1,3,RED,True
2026-08-10,09:30,2026-08-10T03:45:00,1.299,0.2818,1.0541,24584.05,24544.75,24620.55,24511.3,-0.1599,12.16,STABLE,,,,,SGX / Straits Times Index,1.0541,False,3,3,GREEN,True
2026-08-10,10:30,2026-08-10T04:45:00,1.299,0.2818,1.0541,24584.05,24602.35,24620.55,24511.3,0.0744,12.16,STABLE,,,,,SGX / Straits Times Index,1.0541,False,3,3,GREEN,True
2026-08-10,11:30,2026-08-10T05:45:00,1.299,0.2818,1.0541,24584.05,24606.8,24620.55,24511.3,0.0925,12.16,STABLE,,,,,SGX / Straits Times Index,1.0541,False,3,3,GREEN,True
2026-08-10,12:30,2026-08-10T06:45:00,1.299,0.2818,1.0541,24584.05,24573.55,24620.55,24511.3,-0.0427,12.16,STABLE,,,,,SGX / Straits Times Index,1.0541,False,3,3,GREEN,True
2026-08-10,13:30,2026-08-10T07:45:00,1.299,0.2818,1.0541,24584.05,24587.55,24620.55,24511.3,0.0142,12.16,STABLE,,,,,SGX / Straits Times Index,1.0541,False,3,3,GREEN,True
2026-08-10,14:30,2026-08-10T08:45:00,1.299,0.2818,1.0541,24584.05,24560.05,24620.55,24511.3,-0.0976,12.16,STABLE,,,,,SGX / Straits Times Index,1.0541,False,3,3,GREEN,True
2026-08-10,15:30,2026-08-10T09:45:00,1.299,0.2818,1.0541,24584.05,24583.8,24620.55,24511.3,-0.001,12.16,STABLE,,,,,SGX / Straits Times Index,1.0541,False,3,3,GREEN,True
2026-08-11,09:30,2026-08-11T03:45:00,-0.3194,-0.1128,1.0541,24575.5,24473.0,24575.5,24461.0,-0.4171,12.25,STABLE,,,,,SGX / Straits Times Index,1.0541,False,-1,3,RED,True
2026-08-11,10:30,2026-08-11T04:45:00,-0.3194,-0.1128,1.0541,24575.5,24451.25,24575.5,24440.4,-0.5056,12.25,STABLE,,,,,SGX / Straits Times Index,1.0541,False,-1,3,RED,True
2026-08-11,11:30,2026-08-11T05:45:00,-0.3194,-0.1128,1.0541,24575.5,24444.65,24575.5,24429.25,-0.5324,12.25,STABLE,,,,,SGX / Straits Times Index,1.0541,False,-1,3,RED,True
2026-08-11,12:30,2026-08-11T06:45:00,-0.3194,-0.1128,1.0541,24575.5,24453.15,24575.5,24429.25,-0.4979,12.25,STABLE,,,,,SGX / Straits Times Index,1.0541,False,-1,3,RED,True
2026-08-11,13:30,2026-08-11T07:45:00,-0.3194,-0.1128,1.0541,24575.5,24462.55,24575.5,24429.25,-0.4596,12.25,STABLE,,,,,SGX / Straits Times Index,1.0541,False,-1,3,RED,True
2026-08-11,14:30,2026-08-11T08:45:00,-0.3194,-0.1128,1.0541,24575.5,24450.0,24575.5,24429.25,-0.5107,12.25,STABLE,,,,,SGX / Straits Times Index,1.0541,False,-1,3,RED,True
2026-08-11,15:30,2026-08-11T09:45:00,-0.3194,-0.1128,1.0541,24575.5,24471.7,24575.5,24429.25,-0.4224,12.25,STABLE,,,,,SGX / Straits Times Index,1.0541,False,-1,3,RED,True
2026-08-12,09:30,2026-08-12T03:45:00,-0.601,-0.3411,0.9782,24472.45,24365.3,24472.45,24357.6,-0.4378,11.86,STABLE,,,,,SGX / Straits Times Index,0.9782,False,-1,3,RED,True
2026-08-12,10:30,2026-08-12T04:45:00,-0.601,-0.3411,0.9782,24472.45,24302.4,24472.45,24293.7,-0.6949,11.86,STABLE,,,,,SGX / Straits Times Index,0.9782,False,-1,3,RED,True
2026-08-12,11:30,2026-08-12T05:45:00,-0.601,-0.3411,0.9782,24472.45,24267.1,24472.45,24265.95,-0.8391,11.86,STABLE,,,,,SGX / Straits Times Index,0.9782,False,-1,3,RED,True
2026-08-12,12:30,2026-08-12T06:45:00,-0.601,-0.3411,0.9782,24472.45,24287.95,24472.45,24265.95,-0.7539,11.86,STABLE,,,,,SGX / Straits Times Index,0.9782,False,-1,3,RED,True
2026-08-12,13:30,2026-08-12T07:45:00,-0.601,-0.3411,0.9782,24472.45,24278.4,24472.45,24265.95,-0.7929,11.86,STABLE,,,,,SGX / Straits Times Index,0.9782,False,-1,3,RED,True
2026-08-12,14:30,2026-08-12T08:45:00,-0.601,-0.3411,0.9782,24472.45,24369.3,24472.45,24265.95,-0.4215,11.86,STABLE,,,,,SGX / Straits Times Index,0.9782,False,-1,3,RED,True
2026-08-12,15:30,2026-08-12T09:45:00,-0.601,-0.3411,0.9782,24472.45,24435.95,24472.45,24265.95,-0.1491,11.86,STABLE,,,,,SGX / Straits Times Index,0.9782,False,-1,3,RED,True
2026-08-13,09:30,2026-08-13T03:45:00,0.5409,-0.0401,-0.5808,24428.9,24343.55,24428.9,24316.5,-0.3494,11.69,STABLE,,,,,SGX / Straits Times Index,-0.5808,False,-1,3,RED,True
2026-08-13,10:30,2026-08-13T04:45:00,0.5409,-0.0401,-0.5808,24428.9,24319.05,24428.9,24311.45,-0.4497,11.69,STABLE,,,,,SGX / Straits Times Index,-0.5808,False,-1,3,RED,True
2026-08-13,11:30,2026-08-13T05:45:00,0.5409,-0.0401,-0.5808,24428.9,24395.65,24428.9,24311.45,-0.1361,11.69,STABLE,,,,,SGX / Straits Times Index,-0.5808,False,-1,3,RED,True
2026-08-13,12:30,2026-08-13T06:45:00,0.5409,-0.0401,-0.5808,24428.9,24362.25,24428.9,24311.45,-0.2728,11.69,STABLE,,,,,SGX / Straits Times Index,-0.5808,False,-1,3,RED,True
2026-08-13,13:30,2026-08-13T07:45:00,0.5409,-0.0401,-0.5808,24428.9,24356.05,24428.9,24311.45,-0.2982,11.69,STABLE,,,,,SGX / Straits Times Index,-0.5808,False,-1,3,RED,True
2026-08-13,14:30,2026-08-13T08:45:00,0.5409,-0.0401,-0.5808,24428.9,24352.7,24428.9,24311.45,-0.3119,11.69,STABLE,,,,,SGX / Straits Times Index,-0.5808,False,-1,3,RED,True
2026-08-13,15:30,2026-08-13T09:45:00,0.5409,-0.0401,-0.5808,24428.9,24395.85,24428.9,24311.45,-0.1353,11.69,STABLE,,,,,SGX / Straits Times Index,-0.5808,False,-1,3,RED,True
2026-08-14,09:30,2026-08-14T03:45:00,0.8069,0.1297,-0.0122,24363.75,24345.45,24363.75,24304.6,-0.0751,11.42,STABLE,,,,,SGX / Straits Times Index,-0.0122,False,1,3,GREEN,True
2026-08-14,10:30,2026-08-14T04:45:00,0.8069,0.1297,-0.0122,24363.75,24315.0,24363.75,24298.35,-0.2001,11.42,STABLE,,,,,SGX / Straits Times Index,-0.0122,False,1,3,GREEN,True
2026-08-14,11:30,2026-08-14T05:45:00,0.8069,0.1297,-0.0122,24363.75,24341.45,24363.75,24298.35,-0.0915,11.42,STABLE,,,,,SGX / Straits Times Index,-0.0122,False,1,3,GREEN,True
2026-08-14,12:30,2026-08-14T06:45:00,0.8069,0.1297,-0.0122,24363.75,24346.85,24363.75,24298.35,-0.0694,11.42,STABLE,,,,,SGX / Straits Times Index,-0.0122,False,1,3,GREEN,True
2026-08-14,13:30,2026-08-14T07:45:00,0.8069,0.1297,-0.0122,24363.75,24383.55,24405.2,24298.35,0.0813,11.42,STABLE,,,,,SGX / Straits Times Index,-0.0122,False,1,3,GREEN,True
2026-08-14,14:30,2026-08-14T08:45:00,0.8069,0.1297,-0.0122,24363.75,24354.45,24405.2,24298.35,-0.0382,11.42,STABLE,,,,,SGX / Straits Times Index,-0.0122,False,1,3,GREEN,True
2026-08-14,15:30,2026-08-14T09:45:00,0.8069,0.1297,-0.0122,24363.75,24366.0,24405.2,24298.35,0.0092,11.42,STABLE,,,,,SGX / Straits Times Index,-0.0122,False,1,3,GREEN,True
2026-08-17,09:30,2026-08-17T03:45:00,-0.2756,-0.1998,0.4115,24343.45,24281.5,24357.6,24277.4,-0.2545,11.31,STABLE,,,,,SGX / Straits Times Index,0.4115,False,-1,3,RED,True
2026-08-17,10:30,2026-08-17T04:45:00,-0.2756,-0.1998,0.4115,24343.45,24236.45,24357.6,24228.45,-0.4395,11.31,STABLE,,,,,SGX / Straits Times Index,0.4115,False,-1,3,RED,True
2026-08-17,11:30,2026-08-17T05:45:00,-0.2756,-0.1998,0.4115,24343.45,24270.75,24357.6,24226.95,-0.2986,11.31,STABLE,,,,,SGX / Straits Times Index,0.4115,False,-1,3,RED,True
2026-08-17,12:30,2026-08-17T06:45:00,-0.2756,-0.1998,0.4115,24343.45,24346.35,24357.6,24226.95,0.0119,11.31,STABLE,,,,,SGX / Straits Times Index,0.4115,False,-1,3,RED,True
2026-08-17,13:30,2026-08-17T07:45:00,-0.2756,-0.1998,0.4115,24343.45,24331.0,24359.35,24226.95,-0.0511,11.31,STABLE,,,,,SGX / Straits Times Index,0.4115,False,-1,3,RED,True
2026-08-17,14:30,2026-08-17T08:45:00,-0.2756,-0.1998,0.4115,24343.45,24341.9,24359.9,24226.95,-0.0064,11.31,STABLE,,,,,SGX / Straits Times Index,0.4115,False,-1,3,RED,True
2026-08-17,15:30,2026-08-17T09:45:00,-0.2756,-0.1998,0.4115,24343.45,24287.65,24359.9,24226.95,-0.2292,11.31,STABLE,,,,,SGX / Straits Times Index,0.4115,False,-1,3,RED,True
2026-08-18,09:30,2026-08-18T03:45:00,-0.3152,-0.5074,0.433,24223.05,24220.2,24269.5,24213.0,-0.0118,11.33,STABLE,,,,,SGX / Straits Times Index,0.433,False,-1,3,RED,True
2026-08-18,10:30,2026-08-18T04:45:00,-0.3152,-0.5074,0.433,24223.05,24202.35,24269.5,24187.65,-0.0855,11.33,STABLE,,,,,SGX / Straits Times Index,0.433,False,-1,3,RED,True
2026-08-18,11:30,2026-08-18T05:45:00,-0.3152,-0.5074,0.433,24223.05,24212.95,24269.5,24174.5,-0.0417,11.33,STABLE,,,,,SGX / Straits Times Index,0.433,False,-1,3,RED,True
2026-08-18,12:30,2026-08-18T06:45:00,-0.3152,-0.5074,0.433,24223.05,24202.6,24269.5,24174.5,-0.0844,11.33,STABLE,,,,,SGX / Straits Times Index,0.433,False,-1,3,RED,True
2026-08-18,13:30,2026-08-18T07:45:00,-0.3152,-0.5074,0.433,24223.05,24195.55,24269.5,24174.5,-0.1135,11.33,STABLE,,,,,SGX / Straits Times Index,0.433,False,-1,3,RED,True
2026-08-18,14:30,2026-08-18T08:45:00,-0.3152,-0.5074,0.433,24223.05,24165.8,24269.5,24165.8,-0.2363,11.33,STABLE,,,,,SGX / Straits Times Index,0.433,False,-1,3,RED,True
2026-08-18,15:30,2026-08-18T09:45:00,-0.3152,-0.5074,0.433,24223.05,24154.9,24269.5,24154.9,-0.2813,11.33,STABLE,,,,,SGX / Straits Times Index,0.433,False,-1,3,RED,True
2026-08-19,09:30,2026-08-19T03:45:00,-1.3331,-0.2177,-1.1625,24163.05,24091.8,24166.95,24065.5,-0.2949,11.39,STABLE,,,,,SGX / Straits Times Index,-1.1625,False,-3,3,RED,True
2026-08-19,10:30,2026-08-19T04:45:00,-1.3331,-0.2177,-1.1625,24163.05,24048.5,24166.95,24028.2,-0.4741,11.39,STABLE,,,,,SGX / Straits Times Index,-1.1625,False,-3,3,RED,True
2026-08-19,11:30,2026-08-19T05:45:00,-1.3331,-0.2177,-1.1625,24163.05,24052.8,24166.95,24028.2,-0.4563,11.39,STABLE,,,,,SGX / Straits Times Index,-1.1625,False,-3,3,RED,True
2026-08-19,12:30,2026-08-19T06:45:00,-1.3331,-0.2177,-1.1625,24163.05,24046.15,24166.95,24028.2,-0.4838,11.39,STABLE,,,,,SGX / Straits Times Index,-1.1625,False,-3,3,RED,True
2026-08-19,13:30,2026-08-19T07:45:00,-1.3331,-0.2177,-1.1625,24163.05,24051.35,24166.95,24028.2,-0.4623,11.39,STABLE,,,,,SGX / Straits Times Index,-1.1625,False,-3,3,RED,True
2026-08-19,14:30,2026-08-19T08:45:00,-1.3331,-0.2177,-1.1625,24163.05,24048.55,24166.95,24026.1,-0.4739,11.39,STABLE,,,,,SGX / Straits Times Index,-1.1625,False,-3,3,RED,True
2026-08-19,15:30,2026-08-19T09:45:00,-1.3331,-0.2177,-1.1625,24163.05,24078.3,24166.95,24026.1,-0.3507,11.39,STABLE,,,,,SGX / Straits Times Index,-1.1625,False,-3,3,RED,True
2026-08-20,09:30,2026-08-20T03:45:00,0.1574,0.2243,-0.1256,24225.2,24221.85,24225.2,24185.1,-0.0138,11.32,STABLE,,,,,SGX / Straits Times Index,-0.1256,False,1,3,GREEN,True
2026-08-20,10:30,2026-08-20T04:45:00,0.1574,0.2243,-0.1256,24225.2,24204.4,24226.7,24185.1,-0.0859,11.32,STABLE,,,,,SGX / Straits Times Index,-0.1256,False,1,3,GREEN,True
2026-08-20,11:30,2026-08-20T05:45:00,0.1574,0.2243,-0.1256,24225.2,24214.75,24226.7,24185.1,-0.0431,11.32,STABLE,,,,,SGX / Straits Times Index,-0.1256,False,1,3,GREEN,True
2026-08-20,12:30,2026-08-20T06:45:00,0.1574,0.2243,-0.1256,24225.2,24246.8,24263.95,24185.1,0.0892,11.32,STABLE,,,,,SGX / Straits Times Index,-0.1256,False,1,3,GREEN,True
2026-08-20,13:30,2026-08-20T07:45:00,0.1574,0.2243,-0.1256,24225.2,24238.45,24263.95,24185.1,0.0547,11.32,STABLE,,,,,SGX / Straits Times Index,-0.1256,False,1,3,GREEN,True
2026-08-20,14:30,2026-08-20T08:45:00,0.1574,0.2243,-0.1256,24225.2,24212.35,24263.95,24185.1,-0.053,11.32,STABLE,,,,,SGX / Straits Times Index,-0.1256,False,1,3,GREEN,True
2026-08-20,15:30,2026-08-20T09:45:00,0.1574,0.2243,-0.1256,24225.2,24231.85,24263.95,24185.1,0.0275,11.32,STABLE,,,,,SGX / Straits Times Index,-0.1256,False,1,3,GREEN,True
2026-08-21,09:30,2026-08-21T03:45:00,-1.0023,-1.3165,-0.3922,24282.0,24235.7,24282.0,24206.95,-0.1907,10.76,STABLE,,,,,SGX / Straits Times Index,-0.3922,False,-3,3,RED,True
2026-08-21,10:30,2026-08-21T04:45:00,-1.0023,-1.3165,-0.3922,24282.0,24262.65,24282.0,24206.95,-0.0797,10.76,STABLE,,,,,SGX / Straits Times Index,-0.3922,False,-3,3,RED,True
2026-08-21,11:30,2026-08-21T05:45:00,-1.0023,-1.3165,-0.3922,24282.0,24233.3,24282.0,24206.95,-0.2006,10.76,STABLE,,,,,SGX / Straits Times Index,-0.3922,False,-3,3,RED,True
2026-08-21,12:30,2026-08-21T06:45:00,-1.0023,-1.3165,-0.3922,24282.0,24244.0,24282.0,24206.95,-0.1565,10.76,STABLE,,,,,SGX / Straits Times Index,-0.3922,False,-3,3,RED,True
2026-08-21,13:30,2026-08-21T07:45:00,-1.0023,-1.3165,-0.3922,24282.0,24230.55,24282.0,24206.95,-0.2119,10.76,STABLE,,,,,SGX / Straits Times Index,-0.3922,False,-3,3,RED,True
2026-08-21,14:30,2026-08-21T08:45:00,-1.0023,-1.3165,-0.3922,24282.0,24234.75,24282.0,24206.95,-0.1946,10.76,STABLE,,,,,SGX / Straits Times Index,-0.3922,False,-3,3,RED,True
2026-08-21,15:30,2026-08-21T09:45:00,-1.0023,-1.3165,-0.3922,24282.0,24252.0,24282.0,24206.95,-0.1235,10.76,STABLE,,,,,SGX / Straits Times Index,-0.3922,False,-3,3,RED,True
2026-08-21,21:00,2026-08-21T16:37:28,0.5143937413492531,0.7985720502892045,-0.39215202039067026,24284.05078125,24252.0,24284.05078125,24206.80078125,0.0832,11.194999694824219,STABLE,25,24,1,BULLISH,^STI,-0.39215202039067026,False,2,4,GREEN,False
2026-08-24,09:30,2026-08-24T04:24:02,0.4346118737267626,0.9814414811157827,-0.1838642038144398,24285.05078125,24275.099609375,24313.0,24271.099609375,0.0952,11.202500343322754,STABLE,27,23,0,BULLISH,^STI,-0.1838642038144398,False,2,4,GREEN,False
2026-08-24,10:30,2026-08-24T04:40:20,0.4346118737267626,0.9814414811157827,-0.1838642038144398,24285.05078125,24273.05078125,24313.0,24267.30078125,0.0868,11.28499984741211,STABLE,24,23,3,BULLISH,^STI,-0.1838642038144398,False,2,4,GREEN,False
2026-08-24,11:30,2026-08-24T05:39:07,0.4346118737267626,0.9814414811157827,-0.2286844293918371,24285.05078125,24225.0,24313.0,24219.5,-0.1113,11.552499771118164,STABLE,19,31,0,BEARISH,^STI,-0.2286844293918371,False,0,4,FLAT,False
2026-08-24,12:30,2026-08-24T06:55:33,0.4346118737267626,0.9814414811157827,-0.18703131665206132,24285.05078125,24195.25,24313.0,24173.75,-0.234,11.4350004196167,STABLE,15,35,0,BEARISH,^STI,-0.18703131665206132,False,0,4,FLAT,False
2026-08-24,13:30,2026-08-24T07:51:58,0.4346118737267626,0.9814414811157827,-0.12937098049178652,24285.05078125,24175.30078125,24313.0,24153.30078125,-0.3163,11.572500228881836,STABLE,16,34,0,BEARISH,^STI,-0.12937098049178652,False,0,4,FLAT,False
2026-08-24,14:30,2026-08-24T08:45:19,0.4346118737267626,0.9814414811157827,-0.11477994573851663,24285.05078125,24147.650390625,24313.0,24147.55078125,-0.4303,11.647500038146973,STABLE,13,37,0,BEARISH,^STI,-0.11477994573851663,False,0,4,FLAT,False
